"","target","spacer","start","antitag","target_basepairing_prob","match_against_bosTau9","viral_genome_5prime","viral_genome_3prime","IVT_window"
"1","TGTATGGAAAAGTTATGTGC","GCACAUAACUUUUCCAUACA",7441,"AUGU",0.6375,0,"TTCTTTGCATCATTTTATTA","ATGTTGTAGACGGTTGTAAT","TTCTTTGCATCATTTTATTATGTATGGAAAAGTTATGTGCATGTTGTAGACGGTTGTAAT"
"2","TGGAAAAGTTATGTGCATGT","ACAUGCACAUAACUUUUCCA",7445,"UGUA",0.633,0,"TTGCATCATTTTATTATGTA","TGTAGACGGTTGTAATTCAT","TTGCATCATTTTATTATGTATGGAAAAGTTATGTGCATGTTGTAGACGGTTGTAATTCAT"
"3","GGAAAAGTTATGTGCATGTT","AACAUGCACAUAACUUUUCC",7446,"GUAG",0.628,0,"TGCATCATTTTATTATGTAT","GTAGACGGTTGTAATTCATC","TGCATCATTTTATTATGTATGGAAAAGTTATGTGCATGTTGTAGACGGTTGTAATTCATC"
"4","GAAAAGTTATGTGCATGTTG","CAACAUGCACAUAACUUUUC",7447,"UAGA",0.6,0,"GCATCATTTTATTATGTATG","TAGACGGTTGTAATTCATCA","GCATCATTTTATTATGTATGGAAAAGTTATGTGCATGTTGTAGACGGTTGTAATTCATCA"
"5","TTAGAAAGTTGGATAATGAT","AUCAUUAUCCAACUUUCUAA",12375,"GCAC",0.584,0,"GACAATGCTTTTCACTATGC","GCACTCAACAACATTATCAA","GACAATGCTTTTCACTATGCTTAGAAAGTTGGATAATGATGCACTCAACAACATTATCAA"
"6","TAGAAAGTTGGATAATGATG","CAUCAUUAUCCAACUUUCUA",12376,"CACU",0.591,0,"ACAATGCTTTTCACTATGCT","CACTCAACAACATTATCAAC","ACAATGCTTTTCACTATGCTTAGAAAGTTGGATAATGATGCACTCAACAACATTATCAAC"
"7","TGCAGATAGTAAAATTGTTC","GAACAAUUUUACUAUCUGCA",12574,"AACU",0.801,1,"GAAATCCAACAGGTTGTAGA","AACTTAGTGAAATTAGTATG","GAAATCCAACAGGTTGTAGATGCAGATAGTAAAATTGTTCAACTTAGTGAAATTAGTATG"
"8","GCAGATAGTAAAATTGTTCA","UGAACAAUUUUACUAUCUGC",12575,"ACUU",0.8005,1,"AAATCCAACAGGTTGTAGAT","ACTTAGTGAAATTAGTATGG","AAATCCAACAGGTTGTAGATGCAGATAGTAAAATTGTTCAACTTAGTGAAATTAGTATGG"
"9","AATTACAGAATAATGAGCTT","AAGCUCAUUAUUCUGUAAUU",12678,"AGUC",0.543,1,"AAGGGCCAATTCTGCTGTCA","AGTCCTGTTGCACTACGACA","AAGGGCCAATTCTGCTGTCAAATTACAGAATAATGAGCTTAGTCCTGTTGCACTACGACA"
"10","ATTACAGAATAATGAGCTTA","UAAGCUCAUUAUUCUGUAAU",12679,"GUCC",0.564,0,"AGGGCCAATTCTGCTGTCAA","GTCCTGTTGCACTACGACAG","AGGGCCAATTCTGCTGTCAAATTACAGAATAATGAGCTTAGTCCTGTTGCACTACGACAG"
"11","TTACAGAATAATGAGCTTAG","CUAAGCUCAUUAUUCUGUAA",12680,"UCCU",0.5985,0,"GGGCCAATTCTGCTGTCAAA","TCCTGTTGCACTACGACAGA","GGGCCAATTCTGCTGTCAAATTACAGAATAATGAGCTTAGTCCTGTTGCACTACGACAGA"
"12","GAATAATGAGCTTAGTCCTG","CAGGACUAAGCUCAUUAUUC",12685,"UUGC",0.6025,0,"AATTCTGCTGTCAAATTACA","TTGCACTACGACAGATGTCT","AATTCTGCTGTCAAATTACAGAATAATGAGCTTAGTCCTGTTGCACTACGACAGATGTCT"
"13","AATAATGAGCTTAGTCCTGT","ACAGGACUAAGCUCAUUAUU",12686,"UGCA",0.6035,0,"ATTCTGCTGTCAAATTACAG","TGCACTACGACAGATGTCTT","ATTCTGCTGTCAAATTACAGAATAATGAGCTTAGTCCTGTTGCACTACGACAGATGTCTT"
"14","ATAATGAGCTTAGTCCTGTT","AACAGGACUAAGCUCAUUAU",12687,"GCAC",0.5855,1,"TTCTGCTGTCAAATTACAGA","GCACTACGACAGATGTCTTG","TTCTGCTGTCAAATTACAGAATAATGAGCTTAGTCCTGTTGCACTACGACAGATGTCTTG"
"15","AATGAGCTTAGTCCTGTTGC","GCAACAGGACUAAGCUCAUU",12689,"ACUA",0.576,0,"CTGCTGTCAAATTACAGAAT","ACTACGACAGATGTCTTGTG","CTGCTGTCAAATTACAGAATAATGAGCTTAGTCCTGTTGCACTACGACAGATGTCTTGTG"
"16","GTGCATCGTGTTGTCTGTAC","GUACAGACAACACGAUGCAC",13233,"UGCC",0.5935,0,"GGATCAAGAATCCTTTGGTG","TGCCGTTGCCACATAGATCA","GGATCAAGAATCCTTTGGTGGTGCATCGTGTTGTCTGTACTGCCGTTGCCACATAGATCA"
"17","TGCATCGTGTTGTCTGTACT","AGUACAGACAACACGAUGCA",13234,"GCCG",0.575,0,"GATCAAGAATCCTTTGGTGG","GCCGTTGCCACATAGATCAT","GATCAAGAATCCTTTGGTGGTGCATCGTGTTGTCTGTACTGCCGTTGCCACATAGATCAT"
"18","GCATCGTGTTGTCTGTACTG","CAGUACAGACAACACGAUGC",13235,"CCGU",0.574,0,"ATCAAGAATCCTTTGGTGGT","CCGTTGCCACATAGATCATC","ATCAAGAATCCTTTGGTGGTGCATCGTGTTGTCTGTACTGCCGTTGCCACATAGATCATC"
"19","CTTATTATTCATTGTTAATG","CAUUAACAAUGAAUAAUAAG",14147,"CCUA",0.487,0,"TGGAGTTCCTGTTGTAGATT","CCTATATTAACCTTGACCAG","TGGAGTTCCTGTTGTAGATTCTTATTATTCATTGTTAATGCCTATATTAACCTTGACCAG"
"20","ATTCATTGTTAATGCCTATA","UAUAGGCAUUAACAAUGAAU",14153,"UUAA",0.521,0,"TCCTGTTGTAGATTCTTATT","TTAACCTTGACCAGGGCTTT","TCCTGTTGTAGATTCTTATTATTCATTGTTAATGCCTATATTAACCTTGACCAGGGCTTT"
"21","AGACTTCATTAAGATGTGGT","ACCACAUCUUAAUGAAGUCU",16268,"GCUU",0.676,0,"TTGTGTTCTTTGCAATTCAC","GCTTGCATACGTAGACCATT","TTGTGTTCTTTGCAATTCACAGACTTCATTAAGATGTGGTGCTTGCATACGTAGACCATT"
"22","GTGATGAACTGAAGATTAAT","AUUAAUCUUCAGUUCAUCAC",18938,"GCGG",0.5565,0,"TATTGAATATCCTATAATTG","GCGGCTTGTAGAAAGGTTCA","TATTGAATATCCTATAATTGGTGATGAACTGAAGATTAATGCGGCTTGTAGAAAGGTTCA"
"23","GATGAACTGAAGATTAATGC","GCAUUAAUCUUCAGUUCAUC",18940,"GGCU",0.555,0,"TTGAATATCCTATAATTGGT","GGCTTGTAGAAAGGTTCAAC","TTGAATATCCTATAATTGGTGATGAACTGAAGATTAATGCGGCTTGTAGAAAGGTTCAAC"
"24","TTGCCTACACTATGTCACTT","AAGUGACAUAGUGUAGGCAA",23640,"GGUG",0.668,0,"TGTAGCTAGTCAATCCATCA","GGTGCAGAAAATTCAGTTGC","TGTAGCTAGTCAATCCATCATTGCCTACACTATGTCACTTGGTGCAGAAAATTCAGTTGC"
"25","TGCCTACACTATGTCACTTG","CAAGUGACAUAGUGUAGGCA",23641,"GUGC",0.678,0,"GTAGCTAGTCAATCCATCAT","GTGCAGAAAATTCAGTTGCT","GTAGCTAGTCAATCCATCATTGCCTACACTATGTCACTTGGTGCAGAAAATTCAGTTGCT"
"26","GCCTACACTATGTCACTTGG","CCAAGUGACAUAGUGUAGGC",23642,"UGCA",0.6695,0,"TAGCTAGTCAATCCATCATT","TGCAGAAAATTCAGTTGCTT","TAGCTAGTCAATCCATCATTGCCTACACTATGTCACTTGGTGCAGAAAATTCAGTTGCTT"
