NC_045512v2	358	385	NCR_504	TGGAGACTCCGTGGAGGAGGTCTTATCA
NC_045512v2	502	529	NCR_505	ACCTCATGGTCATGTTATGGTTGAGCTG
NC_045512v2	1373	1400	NCR_506	TGTCCAGCATGTCACAATTCAGAAGTAG
NC_045512v2	1487	1514	NCR_507	GGCTGTGTGTTCTCTTATGTTGGTTGCC
NC_045512v2	1537	1564	NCR_508	TCCACGTGCTAGCGCTAACATAGGTTGT
NC_045512v2	2431	2458	NCR_509	ATCCAGAGAAGAAACTGGCCTACTCATG
NC_045512v2	2606	2633	NCR_510	ACACCAGTTTGTATTAACGGGCTTATGT
NC_045512v2	2618	2645	NCR_511	ATTAACGGGCTTATGTTGCTCGAAATCA
NC_045512v2	2858	2885	NCR_512	GGTACAGAAGTAAATGAGTTCGCCTGTG
NC_045512v2	3557	3584	NCR_513	AAAGTGGGTGGTAGTTGTGTTTTAAGCG
NC_045512v2	3769	3796	NCR_514	TGTTCGCACAAATGTCTACTTAGCTGTC
NC_045512v2	4415	4442	NCR_515	GAAACACGCAAATTAATGCCTGTCTGTG
NC_045512v2	5135	5162	NCR_516	GATGACACTCTACGTGTTGAGGCTTTTG
NC_045512v2	5453	5480	NCR_517	GAAACAATGAGTTACTTGTTTCAACATG
NC_045512v2	6022	6049	NCR_518	ATATCCAAACGCAAGCTTCGATAATTTT
NC_045512v2	6113	6140	NCR_519	CCTGCTTCAAGAGAGCTTAAAGTTACAT
NC_045512v2	6115	6142	NCR_520	TGCTTCAAGAGAGCTTAAAGTTACATTT
NC_045512v2	6119	6146	NCR_521	TCAAGAGAGCTTAAAGTTACATTTTTCC
NC_045512v2	6274	6301	NCR_522	TAAACCAAATACCTGGTGTATACGTTGT
NC_045512v2	6322	6349	NCR_523	TGAAACATCAAATTCGTTTGATGTACTG
NC_045512v2	6493	6520	NCR_524	ACTTAAACCAGCAAATAATAGTTTAAAA
NC_045512v2	6875	6902	NCR_525	AAGAGTGTCGGTAAATTTTGTCTAGAGG
NC_045512v2	7253	7280	NCR_526	GCATATATTCTTTTCACTAGGTTTTTCT
NC_045512v2	7712	7739	NCR_527	CCTACTGACCAGTCTTCTTACATCGTTG
NC_045512v2	7713	7740	NCR_528	CTACTGACCAGTCTTCTTACATCGTTGA
NC_045512v2	7719	7746	NCR_529	ACCAGTCTTCTTACATCGTTGATAGTGT
NC_045512v2	7723	7750	NCR_530	GTCTTCTTACATCGTTGATAGTGTTACA
NC_045512v2	8902	8929	NCR_531	TGACTTTTTGCATTTCTTACCTAGAGTT
NC_045512v2	8957	8984	NCR_532	ACACCATCAAAACTTATAGAGTACACTG
NC_045512v2	9085	9112	NCR_533	AGGTTCTGTTGCTTATGAAAGTTTACGC
NC_045512v2	9618	9645	NCR_534	ATGATGTTTCTTTTTTAGCACATATTCA
NC_045512v2	9629	9656	NCR_535	TTTTTAGCACATATTCAGTGGATGGTTA
NC_045512v2	9666	9693	NCR_536	CTTTAGTACCTTTCTGGATAACAATTGC
NC_045512v2	9671	9698	NCR_537	GTACCTTTCTGGATAACAATTGCTTATA
NC_045512v2	9680	9707	NCR_538	TGGATAACAATTGCTTATATCATTTGTA
NC_045512v2	9685	9712	NCR_539	AACAATTGCTTATATCATTTGTATTTCC
NC_045512v2	9945	9972	NCR_540	GAGAAGCTGCTTGTTGTCATCTCGCAAA
NC_045512v2	9955	9982	NCR_541	TTGTTGTCATCTCGCAAAGGCTCTCAAT
NC_045512v2	10136	10163	NCR_542	AACGGTCTTTGGCTTGATGACGTAGTTT
NC_045512v2	10147	10174	NCR_543	GCTTGATGACGTAGTTTACTGTCCAAGA
NC_045512v2	10180	10207	NCR_544	GATCTGCACCTCTGAAGACATGCTTAAC
NC_045512v2	10306	10333	NCR_545	TTGTGTACTTAAGCTTAAGGTTGATACA
NC_045512v2	10496	10523	NCR_546	GTTGGTTTTAACATAGATTATGACTGTG
NC_045512v2	10509	10536	NCR_547	TAGATTATGACTGTGTCTCTTTTTGTTA
NC_045512v2	10516	10543	NCR_548	TGACTGTGTCTCTTTTTGTTACATGCAC
NC_045512v2	10691	10718	NCR_549	ATAAATGGAGACAGGTGGTTTCTCAATC
NC_045512v2	11043	11070	NCR_550	TTTTAGTCCAGAGTACTCAATGGTCTTT
NC_045512v2	12599	12626	NCR_551	AGTGAAATTAGTATGGACAATTCACCTA
NC_045512v2	13334	13361	NCR_600	GCTAATGACCCTGTGGGTTTTACACTTA
NC_045512v2	13374	13401	NCR_601	GTACCGTCTGCGGTATGTGGAAAGGTTA
NC_045512v2	13434	13461	NCR_602	TGCTTCAGTCAGCTGATGCACAATCGTT
NC_045512v2	14243	14270	NCR_552	GGGATTTGTTAAAATATGACTTCACGGA
NC_045512v2	16412	16439	NCR_553	ATGTGACTCAACTTTACTTAGGAGGTAT
NC_045512v2	17650	17677	NCR_554	TTTAAAATGTTTTATAAGGGTGTTATCA
NC_045512v2	18044	18071	NCR_555	AAAATGTAACAGGACTCTTTAAAGATTG
NC_045512v2	18264	18291	NCR_556	CCGCGAAGAAGCTATAAGACATGTACGT
NC_045512v2	18321	18348	NCR_557	TCATGCTACTAGAGAAGCTGTTGGTACC
NC_045512v2	18452	18479	NCR_558	CTAAACCACCGCCTGGAGATCAATTTAA
NC_045512v2	18598	18625	NCR_559	GCACATGGCTTTGAGTTGACATCTATGA
NC_045512v2	18808	18835	NCR_560	CATGATCTGTATTGTCAAGTCCATGGTA
NC_045512v2	19161	19188	NCR_561	TGACAAATTCACAGATGGTGTATGCCTA
NC_045512v2	20092	20119	NCR_562	AAACAAGCTAGTCTTAATGGAGTCACAT
NC_045512v2	20226	20253	NCR_563	ATTTAAACCCAGGAGTCAAATGGAAATT
NC_045512v2	20708	20735	NCR_564	TGCAAAGAATGCTATTAGAAAAGTGTGA
NC_045512v2	20836	20863	NCR_565	GCTGTACCCTATAATATGAGAGTTATAC
NC_045512v2	20838	20865	NCR_566	TGTACCCTATAATATGAGAGTTATACAT
NC_045512v2	21583	21610	NCR_567	ATTGCCACTAGTCTCTAGTCAGTGTGTT
NC_045512v2	21587	21614	NCR_568	CCACTAGTCTCTAGTCAGTGTGTTAATC
NC_045512v2	21592	21619	NCR_569	AGTCTCTAGTCAGTGTGTTAATCTTACA
NC_045512v2	21639	21666	NCR_570	CTGCATACACTAATTCTTTCACACGTGG
NC_045512v2	21685	21712	NCR_571	AGTTTTCAGATCCTCAGTTTTACATTCA
NC_045512v2	21735	21762	NCR_572	TCTTTTCCAATGTTACTTGGTTCCATGC
NC_045512v2	21740	21767	NCR_573	TCCAATGTTACTTGGTTCCATGCTATAC
NC_045512v2	21741	21768	NCR_574	CCAATGTTACTTGGTTCCATGCTATACA
NC_045512v2	22186	22213	NCR_575	GCCTATTAATTTAGTGCGTGATCTCCCT
NC_045512v2	22651	22678	NCR_576	TGATTATTCTGTCCTATATAATTCCGCA
NC_045512v2	22913	22940	NCR_577	TACCTGTATAGATTGTTTAGGAAGTCTA
NC_045512v2	23005	23032	NCR_578	TGGTGTTGAAGGTTTTAATTGTTACTTT
NC_045512v2	23177	23204	NCR_579	GTCAATTTCAACTTCAATGGTTTAACAG
NC_045512v2	23198	23225	NCR_580	TTAACAGGCACAGGTGTTCTTACTGAGT
NC_045512v2	23206	23233	NCR_581	CACAGGTGTTCTTACTGAGTCTAACAAA
NC_045512v2	23410	23437	NCR_582	CTGCACAGAAGTCCCTGTTGCTATTCAT
NC_045512v2	23432	23459	NCR_583	ATTCATGCAGATCAACTTACTCCTACTT
NC_045512v2	23453	23480	NCR_584	CCTACTTGGCGTGTTTATTCTACAGGTT
NC_045512v2	23604	23631	NCR_585	CTCGGCGGGCACGTAGTGTAGCTAGTCA
NC_045512v2	23608	23635	NCR_586	GCGGGCACGTAGTGTAGCTAGTCAATCC
NC_045512v2	23612	23639	NCR_587	GCACGTAGTGTAGCTAGTCAATCCATCA
NC_045512v2	23825	23852	NCR_588	CAATATGGCAGTTTTTGTACACAATTAA
NC_045512v2	24116	24143	NCR_589	GCACAAAAGTTTAACGGCCTTACTGTTT
NC_045512v2	25398	25425	NCR_590	TTTGTTTATGAGAATCTTCACAATTGGA
NC_045512v2	25698	25725	NCR_591	AGCCCCTTTTCTCTATCTTTATGCTTTA
NC_045512v2	25701	25728	NCR_592	CCCTTTTCTCTATCTTTATGCTTTAGTC
NC_045512v2	25707	25734	NCR_593	TCTCTATCTTTATGCTTTAGTCTACTTC
NC_045512v2	26681	26708	NCR_594	CCTCTGGCTGTTATGGCCAGTAACTTTA
NC_045512v2	26730	26757	NCR_595	GTTTACAGAATAAATTGGATCACCGGTG
NC_045512v2	27903	27930	NCR_596	CTTGTTTTCTTAGGAATCATCACAACTG
NC_045512v2	28278	28305	NCR_603	CTGATAATGGACCCCAAAATCAGCGAAA
NC_045512v2	28305	28332	NCR_604	ATGCACCCCGCATTACGTTTGGTGGACC
NC_045512v2	28331	28358	NCR_605	CCCTCAGATTCAACTGGCAGTAACCAGA
NC_045512v2	28362	28389	NCR_597	GAGAACGCAGTGGGGCGCGATCAAAACA
NC_045512v2	28673	28700	NCR_606	GCAACTGAGGGAGCCTTGAATACACCAA
NC_045512v2	28698	28725	NCR_607	CAAAAGATCACATTGGCACCCGCAATCC
NC_045512v2	28725	28752	NCR_608	CTGCTAACAATGCTGCAATCGTGCTACA
NC_045512v2	28873	28900	NCR_609	CAGCAGTAGGGGAACTTCTCCTGCTAGA
NC_045512v2	28924	28951	NCR_610	TGCTCTTGCTTTGCTGCTGCTTGACAGA
NC_045512v2	28950	28977	NCR_611	GATTGAACCAGCTTGAGAGCAAAATGTC
NC_045512v2	29064	29091	NCR_598	CCACTAAAGCATACAATGTAACACAAGC
NC_045512v2	29156	29183	NCR_612	GGAACTGATTACAAACATTGGCCGCAAA
NC_045512v2	29181	29208	NCR_613	AAATTGCACAATTTGCCCCCAGCGCTTC
NC_045512v2	29205	29232	NCR_614	CTTCAGCGTTCTTCGGAATGTCGCGCAT
NC_045512v2	29262	29289	NCR_599	GGTTGACCTACACAGGTGCCATCAAATT
