Variant	Twist Control#	sample name	GenBank ID	FASTA source	AA substitutions	Comment	WHO label
Control	2	Wuhan-Hu-1	MN908947.3	GenBank	---	---	---
B.1.1.7	15	England/MILK-9E05B3/2020	EPI_ISL_601443	GISAID	"Spike A570D, Spike D614G, Spike D1118H, Spike H69del, Spike N501Y, Spike P681H, Spike S982A, Spike T716I, Spike V70del, Spike Y144del, N D3L, N G204R, N R203K, N S235F, NS8 Q27stop, NS8 R52I, NS8 Y73C, NSP3 A890D, NSP3 I1412T, NSP3 T183I, NSP6 F108del, NSP6 G107del, NSP6 S106del, NSP12 P323L"	NS8_Q27stop results in 78.5% truncation of the protein sequence. Gap of 18 nucleotides when compared to the reference sequence.	alpha
B.1.351	16	South Africa/KRISP-EC-K005299/2020	EPI_ISL_678597	GISAID	"Spike A243del, Spike A701V, Spike D80A, Spike D215G, Spike D614G, Spike E484K, Spike K417N, Spike L242del, Spike L244del, Spike N501Y, E P71L, N T205I, NS3 Q57H, NS3 S171L, NS8 I121L, NSP2 T85I, NSP3 K837N, NSP5 K90R, NSP6 F108del, NSP6 G107del, NSP6 S106del, NSP12 P323L"	Gap of 18 nucleotides when compared to the reference sequence	beta
P.1	17	Japan/IC-0564/2021	EPI_ISL_792683	GISAID	"Spike D138Y, Spike D614G, Spike E484K, Spike H655Y, Spike K417T, Spike L18F, Spike N501Y, Spike P26S, Spike R190S, Spike T20N, Spike T1027I, Spike V1176F, N G204R, N P80R, N R203K, NS3 S253P, NS8 E92K, NSP3 K977Q, NSP3 S370L, NSP6 F108del, NSP6 G107del, NSP6 S106del, NSP12 P323L, NSP13 E341D"	Insertion of 4 nucleotides when compared to the reference sequence. Gap of 9 nucleotides when compared to the reference sequence.	gamma
B.1.617.1	18	India/CT-ILSGS00361/202	EPI_ISL_1662307	GISAID	"Spike D614G, Spike E154K, Spike E484Q, Spike G142D, Spike L452R, Spike P681R, Spike Q1071H, Spike T95I, M I82S, N D377Y, N R203M, NS3 S26L, NS7a V82A, NSP3 S126L, NSP3 T749I, NSP6 L271I, NSP6 T77A, NSP12 P323L, NSP12 Q822H, NSP13 D458Y, NSP13 G206C, NSP13 M429I, NSP15 K259R, NSP15 S261A"	---	delta
B.1.617.2	23	India/MH-NCCS-P1162000182735/2021	EPI_ISL_1544014	GISAID	"Spike D614G, Spike D950N, Spike E156G, Spike F157del, Spike L452R, Spike P681R, Spike R158del, Spike T19R, Spike T478K, M I82T, N D377Y, N R203M, N R385K, NS3 S26L, NS7a L116F, NS7a T120I, NS7a V82A, NS8 G8V, NSP2 P129L, NSP3 P822L, NSP4 A446V, NSP6 V149A, NSP12 G671S, NSP12 P323L, NSP13 P77L, NSP14 I150Y, NSP14 M153C, NSP14 P151H, NSP14 Y154T, NSP15 H234Y"	Gap of 1 nucleotide(s) found at refpos 6538 (FRAMESHIFT confirmed by submitter). Gap of 1 nucleotide(s) found at refpos 18486 (FRAMESHIFT confirmed by submitter). Gap of 1 nucleotide(s) found at refpos 24410 (FRAMESHIFT confirmed by submitter). Gap of 1 nucleotide(s) found at refpos 26984 (FRAMESHIFT confirmed by submitter). Gap of 17 nucleotides when compared to the reference sequence. M without BLAST coverage. NSP14 without BLAST coverage.	delta
B.1.617.3	24	India/MH-SEQ-221_S66_R1_001/2021	EPI_ISL_1939891	GISAID	"Spike D614G, Spike D950N, Spike E484Q, Spike E1072K, Spike L452R, Spike P681R, Spike T19R, N D377Y, N P67S, N R203M, NS3 L52F, NS7a V82A, NS8 T26I, NSP2 K500N, NSP3 A1526V, NSP3 T1830I, NSP5 A194S, NSP6 A117V, NSP12 P323L"	—	—
AY.1	28	Portugal/PT9543/2021	EPI_ISL_2695467	GISAID	"Spike D614G, Spike D950N, Spike E156G, Spike F157del, Spike K417N, Spike L452R, Spike P681R, Spike R158del, Spike T19R, Spike T95I, Spike T478K, Spike W258L, M I82T, N D63G, N D377Y, N G215C, N R203M, NS3 S26L, NS7a T120I, NS7a V82A, NS7b T40I, NSP3 A488S, NSP3 P1228L, NSP3 P1469S, NSP4 T295I, NSP4 T492I, NSP4 V167L, NSP6 T77A, NSP12 G671S, NSP12 P323L, NSP13 P77L, NSP14 A394V, NSP14 I474V"	Gap of 13 nucleotides when compared to the reference sequence.	delta
AY.2	29	USA/WA-CDC-UW21061750277/2021	EPI_ISL_2693246	GISAID	"Spike A222V, Spike D614G, Spike D950N, Spike E156G, Spike F157del, Spike K417N, Spike L452R, Spike P681R, Spike R158del, Spike T19R, Spike T478K, Spike V70F, M I82T, N D63G, N D377Y, N R203M, NS3 L85F, NS3 S26L, NS7a T120I, NS7a V82A, NSP3 A328T, NSP3 P822L, NSP4 A446V, NSP6 T181I, NSP6 V149A, NSP12 G671S, NSP12 P323L, NSP13 P77L, NSP13 T367I"	Gap of 12 nucleotides when compared to the reference sequence.	delta
BA.1	48	Hong Kong/HKU-211129-001/2021	EPI_ISL_6841980	GISAID	"Spike A67V, Spike D614G, Spike D796Y, Spike E484A, Spike G142D, Spike G339D, Spike G446S, Spike G496S, Spike H69del, Spike H655Y, Spike ins214EPE, Spike K417N, Spike L212I, Spike L981F, Spike N211del, Spike N440K, Spike N501Y, Spike N679K, Spike N764K, Spike N856K, Spike N969K, Spike P681H, Spike Q493R, Spike Q498R, Spike Q954H, Spike S371L, Spike S373P, Spike S375F, Spike S477N, Spike T95I, Spike T478K, Spike T547K, Spike V70del, Spike V143del, Spike Y144del, Spike Y145del, Spike Y505H, E T9I, M A63T, M D3G, M Q19E, N E31del, N G204R, N P13L, N R32del, N R203K, N S33del, NSP3 A1892T, NSP3 K38R, NSP3 L1266I, NSP3 S1265del, NSP4 T492I, NSP5 P132H, NSP6 G107del, NSP6 I189V, NSP6 L105del, NSP6 S106del, NSP12 P323L, NSP14 I42V"	Insertion of 6 nucleotides when compared to the reference WIV04 sequence. Gap of 36 nucleotides when compared to the reference WIV04 sequence.	omicron
BA.2	50	Australia/QLD2568/2021	EPI_ISL_7190366	GISAID	"Spike A27S, Spike D405N, Spike D614G, Spike D796Y, Spike E484A, Spike G142D, Spike G339D, Spike H655Y, Spike K417N, Spike L24del, Spike N440K, Spike N501Y, Spike N679K, Spike N764K, Spike N969K, Spike P25del, Spike P26del, Spike P681H, Spike Q493R, Spike Q498R, Spike Q954H, Spike R408S, Spike S371F, Spike S373P, Spike S375F, Spike S477N, Spike T19I, Spike T376A, Spike T478K, Spike V213G, Spike Y505H, E T9I, M A63T, M Q19E, N E31del, N G204R, N P13L, N R32del, N R203K, N S33del, N S413R, NS3 T223I, NSP1 S135R, NSP3 G489S, NSP3 T24I, NSP4 L264F, NSP4 L438F, NSP4 T327I, NSP4 T492I, NSP5 P132H, NSP6 F108del, NSP6 G107del, NSP6 S106del, NSP12 P323L, NSP13 R392C, NSP14 I42V, NSP15 T112I"	Gap of 27 nucleotides when compared to the reference WIV04 sequence.	omicron
BA.2	51	England/MILK-2DF642C/2021	EPI_ISL_7718520	GISAID	"Spike A27S, Spike D405N, Spike D614G, Spike D796Y, Spike E484A, Spike G142D, Spike G339D, Spike H655Y, Spike K417N, Spike L24del, Spike N440K, Spike N501Y, Spike N679K, Spike N764K, Spike N969K, Spike P25del, Spike P26del, Spike P681H, Spike Q493R, Spike Q498R, Spike Q954H, Spike R408S, Spike S371F, Spike S373P, Spike S375F, Spike S477N, Spike T19I, Spike T376A, Spike T478K, Spike V213G, Spike Y505H, E T9I, M A63T, M Q19E, N E31del, N G204R, N P13L, N R32del, N R203K, N S33del, N S413R, NS3 T223I, NSP1 S135R, NSP3 G489S, NSP3 T24I, NSP4 L264F, NSP4 T327I, NSP4 T492I, NSP5 P132H, NSP6 F108del, NSP6 G107del, NSP6 S106del, NSP12 F694Y, NSP12 P323L, NSP13 R392C, NSP14 I42V, NSP15 T112I"	Gap of 53 nucleotides when compared to the reference WIV04 sequence	omicron