Original.Name	New.Name	guide.expected.activities	target.sequences	target.sequence.positions	Exp.sig	Exp.Rank	Adapt.Rank	guide
NCR_509	NCR_1407	3.480836	ATCCAGAGAAGAAACTGGCCTACTCATG	2430	1452	19	1	uagaccaccccaaaaaugaaggggacuaaaacCAUGAGUAGGCCAGUUUCUUCUCUGGAU
NCR_533	NCR_1408	3.366376	AGGTTCTGTTGCTTATGAAAGTTTACGC	9084	2115.6	15	9	uagaccaccccaaaaaugaaggggacuaaaacGCGUAAACUUUCAUAAGCAACAGAACCU
NCR_551	NCR_1409	3.300582	AGTGAAATTAGTATGGACAATTCACCTA	12598	233	68	17	uagaccaccccaaaaaugaaggggacuaaaacUAGGUGAAUUGUCCAUACUAAUUUCACU
NCR_571	NCR_1410	3.270108	AGTTTTCAGATCCTCAGTTTTACATTCA	21684	-112	92	25	uagaccaccccaaaaaugaaggggacuaaaacUGAAUGUAAAACUGAGGAUCUGAAAACU
NCR_529	NCR_1411	3.227792	ACCAGTCTTCTTACATCGTTGATAGTGT	7718	10898.6	1	33	uagaccaccccaaaaaugaaggggacuaaaacACACUAUCAACGAUGUAAGAAGACUGGU
NCR_537	NCR_1412	3.203477	GTACCTTTCTGGATAACAATTGCTTATA	9670	4774.7	9	41	uagaccaccccaaaaaugaaggggacuaaaacUAUAAGCAAUUGUUAUCCAGAAAGGUAC
NCR_580	NCR_1413	3.135946	TTAACAGGCACAGGTGTTCTTACTGAGT	23197	217.7	70	49	uagaccaccccaaaaaugaaggggacuaaaacACUCAGUAAGAACACCUGUGCCUGUUAA
NCR_566	NCR_1414	3.061278	TGTACCCTATAATATGAGAGTTATACAT	20837	-315.3	96	57	uagaccaccccaaaaaugaaggggacuaaaacAUGUAUAACUCUCAUAUUAUAGGGUACA
NCR_562	NCR_1415	3.026178	AAACAAGCTAGTCTTAATGGAGTCACAT	20091	245.6	64	65	uagaccaccccaaaaaugaaggggacuaaaacAUGUGACUCCAUUAAGACUAGCUUGUUU
NCR_581	NCR_1416	2.917685	CACAGGTGTTCTTACTGAGTCTAACAAA	23205	260.6	63	73	uagaccaccccaaaaaugaaggggacuaaaacUUUGUUAGACUCAGUAAGAACACCUGUG
NCR_549	NCR_1417	2.676952	ATAAATGGAGACAGGTGGTTTCTCAATC	10690	76.7	79	81	uagaccaccccaaaaaugaaggggacuaaaacGAUUGAGAAACCACCUGUCUCCAUUUAU
NCR_541	NCR_1418	2.436171	TTGTTGTCATCTCGCAAAGGCTCTCAAT	9954	888.7	33	89	uagaccaccccaaaaaugaaggggacuaaaacAUUGAGAGCCUUUGCGAGAUGACAACAA