"","NCR.id","start","spacer","Estimate","antitag","antitag_label","num_complementary","old_direct_repeat"
"504.4","NCR_504",366,"UGAUAAGACCUCCUCCACGG",-0.092283444551637,"GAGG","G",1,"uagaccaccccaaaaaugaaggggacuaaaac"
"505.4","NCR_505",510,"CAGCUCAACCAUAACAUGAC",-0.708498058231366,"GUAG","GU",1,"uagaccaccccaaaaaugaaggggacuaaaac"
"506.4","NCR_506",1381,"CUACUUCUGAAUUGUGACAU",1.47375294283327,"GACC","G",1,"uagaccaccccaaaaaugaaggggacuaaaac"
"530.4","NCR_530",7731,"UGUAACACUAUCAACGAUGU",1.93670167056905,"GUGA","GU",1,"uagaccaccccaaaaaugaaggggacuaaaac"
"540.4","NCR_540",9953,"UUUGCGAGAUGACAACAAGC",8.76600784317977,"GGCU","G",1,"uagaccaccccaaaaaugaaggggacuaaaac"
"541.4","NCR_541",9963,"AUUGAGAGCCUUUGCGAGAU",1.34874017992995,"GACU","G",1,"uagaccaccccaaaaaugaaggggacuaaaac"
"545.4","NCR_545",10314,"UGUAUCAACCUUAAGCUUAA",1.96354248606992,"GCCA","G",1,"uagaccaccccaaaaaugaaggggacuaaaac"
"553.4","NCR_553",16420,"AUACCUCCUAAGUAAAGUUG",0.77948826010856,"GAGC","G",1,"uagaccaccccaaaaaugaaggggacuaaaac"
"556.4","NCR_556",18272,"ACGUACAUGUCUUAUAGCUU",4.30810643353727,"GCAU","G",1,"uagaccaccccaaaaaugaaggggacuaaaac"
"579.4","NCR_579",23185,"CUGUUAAACCAUUGAAGUUG",0.390372385565339,"GCAC","G",1,"uagaccaccccaaaaaugaaggggacuaaaac"
"591.4","NCR_591",25706,"UAAAGCAUAAAGAUAGAGAA",8.9235371722907,"GUCU","GU",1,"uagaccaccccaaaaaugaaggggacuaaaac"
"513.4","NCR_513",3565,"CGCUUAAAACACAACUACCA",8.38747235503395,"GACA","G",1,"uagaccaccccaaaaaugaaggggacuaaaac"
"534.4","NCR_534",9626,"UGAAUAUGUGCUAAAAAAGA",-0.600229518363633,"GUGG","GU",1,"uagaccaccccaaaaaugaaggggacuaaaac"
"549.4","NCR_549",10699,"GAUUGAGAAACCACCUGUCU",1.19373309121981,"GAUU","G",1,"uagaccaccccaaaaaugaaggggacuaaaac"
"550.4","NCR_550",11051,"AAAGACCAUUGAGUACUCUG",8.27547413213593,"GUUC","GUU",1,"uagaccaccccaaaaaugaaggggacuaaaac"
"563.4","NCR_563",20234,"AAUUUCCAUUUGACUCCUGG",5.9262366789853,"GAUU","G",1,"uagaccaccccaaaaaugaaggggacuaaaac"
"582.4","NCR_582",23418,"AUGAAUAGCAACAGGGACUU",20.7713058268468,"GCAG","G",1,"uagaccaccccaaaaaugaaggggacuaaaac"
"583.4","NCR_583",23440,"AAGUAGGAGUAAGUUGAUCU",6.55772260509958,"GGCG","G",1,"uagaccaccccaaaaaugaaggggacuaaaac"
"594.4","NCR_594",26689,"UAAAGUUACUGGCCAUAACA",0.953004950843082,"GCUU","G",1,"uagaccaccccaaaaaugaaggggacuaaaac"
"1353.4","NCR_1353",172,"AGCCUGCAGAAGAUAGACGA",1.09728478552318,"GCUU","G",1,"uagaccaccccaaaaaugaaggggacuaaaac"
"1355.4","NCR_1355",1570,"CUUCUCCAACAACACCUGUA",-1.95673774719649,"GUUC","GUU",1,"uagaccaccccaaaaaugaaggggacuaaaac"
"1365.4","NCR_1365",7627,"CAGCACAGAAUGUAUCACAA",-3.88295618977953,"GUAG","GU",1,"uagaccaccccaaaaaugaaggggacuaaaac"
"1379.4","NCR_1379",16268,"ACCACAUCUUAAUGAAGUCU",0.396941336724449,"GCUU","G",1,"uagaccaccccaaaaaugaaggggacuaaaac"
"1380.4","NCR_1380",16925,"ACUUAAUGGCAUUACUGUAU",16.5642535755549,"GCAC","G",1,"uagaccaccccaaaaaugaaggggacuaaaac"
"1390.4","NCR_1390",22881,"ACCAACCUUAGAAUCAAGAU",16.646461037499,"GGUA","G",1,"uagaccaccccaaaaaugaaggggacuaaaac"
"1362.4","NCR_1362",5715,"ACAAGUAAAUGUACCAUGCU",-1.57134951168219,"GCUA","G",1,"uagaccaccccaaaaaugaaggggacuaaaac"
"1372.4","NCR_1372",12375,"AUCAUUAUCCAACUUUCUAA",6.91914620379519,"GCAC","G",1,"uagaccaccccaaaaaugaaggggacuaaaac"
"1397.4","NCR_1397",27689,"CGCAACAAUAAGAAAAAUUG",13.1405685447158,"GCAA","G",1,"uagaccaccccaaaaaugaaggggacuaaaac"
"599.4","NCR_599",29270,"AAUUUGAUGGCACCUGUGUA",12.6707320725696,"GGAU","G",1,"uagaccaccccaaaaaugaaggggacuaaaac"
