"target_kmer","start","target","spacer","strand"
"sp.366_strand.1_hd.4",366,"CCGTGGAGGAGGTCTTATCA","UGAUAAGACCUCCUCCACGG","+"
"sp.367_strand.1_hd.4",367,"CGTGGAGGAGGTCTTATCAG","CUGAUAAGACCUCCUCCACG","+"
"sp.786_strand.1_hd.4",786,"TGCGTGAGCTTAACGGAGGG","CCCUCCGUUAAGCUCACGCA","+"
"sp.935_strand.1_hd.4",935,"ACTAAGAGGGGTGTATACTG","CAGUAUACACCCCUCUUAGU","+"
"sp.936_strand.1_hd.4",936,"CTAAGAGGGGTGTATACTGC","GCAGUAUACACCCCUCUUAG","+"
"sp.937_strand.1_hd.4",937,"TAAGAGGGGTGTATACTGCT","AGCAGUAUACACCCCUCUUA","+"
"sp.1076_strand.1_hd.4",1076,"CCAAATTTTGTATTTCCCTT","AAGGGAAAUACAAAAUUUGG","+"
"sp.1079_strand.1_hd.4",1079,"AATTTTGTATTTCCCTTAAA","UUUAAGGGAAAUACAAAAUU","+"
"sp.1088_strand.1_hd.4",1088,"TTTCCCTTAAATTCCATAAT","AUUAUGGAAUUUAAGGGAAA","+"
"sp.1089_strand.1_hd.4",1089,"TTCCCTTAAATTCCATAATC","GAUUAUGGAAUUUAAGGGAA","+"
"sp.1090_strand.1_hd.4",1090,"TCCCTTAAATTCCATAATCA","UGAUUAUGGAAUUUAAGGGA","+"
"sp.1094_strand.1_hd.4",1094,"TTAAATTCCATAATCAAGAC","GUCUUGAUUAUGGAAUUUAA","+"
"sp.1377_strand.1_hd.4",1377,"CAGCATGTCACAATTCAGAA","UUCUGAAUUGUGACAUGCUG","+"
"sp.1381_strand.1_hd.4",1381,"ATGTCACAATTCAGAAGTAG","CUACUUCUGAAUUGUGACAU","+"
"sp.1382_strand.1_hd.4",1382,"TGTCACAATTCAGAAGTAGG","CCUACUUCUGAAUUGUGACA","+"
"sp.1383_strand.1_hd.4",1383,"GTCACAATTCAGAAGTAGGA","UCCUACUUCUGAAUUGUGAC","+"
"sp.1384_strand.1_hd.4",1384,"TCACAATTCAGAAGTAGGAC","GUCCUACUUCUGAAUUGUGA","+"
"sp.1495_strand.1_hd.4",1495,"GTTCTCTTATGTTGGTTGCC","GGCAACCAACAUAAGAGAAC","+"
"sp.1545_strand.1_hd.4",1545,"CTAGCGCTAACATAGGTTGT","ACAACCUAUGUUAGCGCUAG","+"
"sp.1546_strand.1_hd.4",1546,"TAGCGCTAACATAGGTTGTA","UACAACCUAUGUUAGCGCUA","+"
"sp.1783_strand.1_hd.4",1783,"TGGTAATTTTAAAGTTACAA","UUGUAACUUUAAAAUUACCA","+"
"sp.1812_strand.1_hd.4",1812,"CTAAAAAAGGTGCCTGGAAT","AUUCCAGGCACCUUUUUUAG","+"
"sp.1813_strand.1_hd.4",1813,"TAAAAAAGGTGCCTGGAATA","UAUUCCAGGCACCUUUUUUA","+"
"sp.1814_strand.1_hd.4",1814,"AAAAAAGGTGCCTGGAATAT","AUAUUCCAGGCACCUUUUUU","+"
"sp.1815_strand.1_hd.4",1815,"AAAAAGGTGCCTGGAATATT","AAUAUUCCAGGCACCUUUUU","+"
"sp.1818_strand.1_hd.4",1818,"AAGGTGCCTGGAATATTGGT","ACCAAUAUUCCAGGCACCUU","+"
"sp.1819_strand.1_hd.4",1819,"AGGTGCCTGGAATATTGGTG","CACCAAUAUUCCAGGCACCU","+"
"sp.1823_strand.1_hd.4",1823,"GCCTGGAATATTGGTGAACA","UGUUCACCAAUAUUCCAGGC","+"
"sp.1825_strand.1_hd.4",1825,"CTGGAATATTGGTGAACAGA","UCUGUUCACCAAUAUUCCAG","+"
"sp.1826_strand.1_hd.4",1826,"TGGAATATTGGTGAACAGAA","UUCUGUUCACCAAUAUUCCA","+"
"sp.1827_strand.1_hd.4",1827,"GGAATATTGGTGAACAGAAA","UUUCUGUUCACCAAUAUUCC","+"
"sp.1829_strand.1_hd.4",1829,"AATATTGGTGAACAGAAATC","GAUUUCUGUUCACCAAUAUU","+"
"sp.1830_strand.1_hd.4",1830,"ATATTGGTGAACAGAAATCA","UGAUUUCUGUUCACCAAUAU","+"
"sp.1831_strand.1_hd.4",1831,"TATTGGTGAACAGAAATCAA","UUGAUUUCUGUUCACCAAUA","+"
"sp.1929_strand.1_hd.4",1929,"CTCAAAATTCTGTGCGTGTT","AACACGCACAGAAUUUUGAG","+"
"sp.2142_strand.1_hd.4",2142,"CCGTCCTTGATTGGCTTGAA","UUCAAGCCAAUCAAGGACGG","+"
"sp.2149_strand.1_hd.4",2149,"TGATTGGCTTGAAGAGAAGT","ACUUCUCUUCAAGCCAAUCA","+"
"sp.2150_strand.1_hd.4",2150,"GATTGGCTTGAAGAGAAGTT","AACUUCUCUUCAAGCCAAUC","+"
"sp.2154_strand.1_hd.4",2154,"GGCTTGAAGAGAAGTTTAAG","CUUAAACUUCUCUUCAAGCC","+"
"sp.2155_strand.1_hd.4",2155,"GCTTGAAGAGAAGTTTAAGG","CCUUAAACUUCUCUUCAAGC","+"
"sp.2160_strand.1_hd.4",2160,"AAGAGAAGTTTAAGGAAGGT","ACCUUCCUUAAACUUCUCUU","+"
"sp.2161_strand.1_hd.4",2161,"AGAGAAGTTTAAGGAAGGTG","CACCUUCCUUAAACUUCUCU","+"
"sp.2162_strand.1_hd.4",2162,"GAGAAGTTTAAGGAAGGTGT","ACACCUUCCUUAAACUUCUC","+"
"sp.2610_strand.1_hd.4",2610,"CAGTTTGTATTAACGGGCTT","AAGCCCGUUAAUACAAACUG","+"
"sp.2611_strand.1_hd.4",2611,"AGTTTGTATTAACGGGCTTA","UAAGCCCGUUAAUACAAACU","+"
"sp.2612_strand.1_hd.4",2612,"GTTTGTATTAACGGGCTTAT","AUAAGCCCGUUAAUACAAAC","+"
"sp.2613_strand.1_hd.4",2613,"TTTGTATTAACGGGCTTATG","CAUAAGCCCGUUAAUACAAA","+"
"sp.2614_strand.1_hd.4",2614,"TTGTATTAACGGGCTTATGT","ACAUAAGCCCGUUAAUACAA","+"
"sp.2625_strand.1_hd.4",2625,"GGCTTATGTTGCTCGAAATC","GAUUUCGAGCAACAUAAGCC","+"
"sp.2626_strand.1_hd.4",2626,"GCTTATGTTGCTCGAAATCA","UGAUUUCGAGCAACAUAAGC","+"
"sp.2628_strand.1_hd.4",2628,"TTATGTTGCTCGAAATCAAA","UUUGAUUUCGAGCAACAUAA","+"
"sp.2754_strand.1_hd.4",2754,"TGATAGAAGTGCAAGGTTAC","GUAACCUUGCACUUCUAUCA","+"
"sp.2862_strand.1_hd.4",2862,"CAGAAGTAAATGAGTTCGCC","GGCGAACUCAUUUACUUCUG","+"
"sp.2863_strand.1_hd.4",2863,"AGAAGTAAATGAGTTCGCCT","AGGCGAACUCAUUUACUUCU","+"
"sp.2864_strand.1_hd.4",2864,"GAAGTAAATGAGTTCGCCTG","CAGGCGAACUCAUUUACUUC","+"
"sp.2865_strand.1_hd.4",2865,"AAGTAAATGAGTTCGCCTGT","ACAGGCGAACUCAUUUACUU","+"
"sp.2866_strand.1_hd.4",2866,"AGTAAATGAGTTCGCCTGTG","CACAGGCGAACUCAUUUACU","+"
"sp.2867_strand.1_hd.4",2867,"GTAAATGAGTTCGCCTGTGT","ACACAGGCGAACUCAUUUAC","+"
"sp.2868_strand.1_hd.4",2868,"TAAATGAGTTCGCCTGTGTT","AACACAGGCGAACUCAUUUA","+"
"sp.2870_strand.1_hd.4",2870,"AATGAGTTCGCCTGTGTTGT","ACAACACAGGCGAACUCAUU","+"
"sp.2872_strand.1_hd.4",2872,"TGAGTTCGCCTGTGTTGTGG","CCACAACACAGGCGAACUCA","+"
"sp.3233_strand.1_hd.4",3233,"CAACAAGACGGCAGTGAGGA","UCCUCACUGCCGUCUUGUUG","+"
"sp.3241_strand.1_hd.4",3241,"CGGCAGTGAGGACAATCAGA","UCUGAUUGUCCUCACUGCCG","+"
"sp.3259_strand.1_hd.4",3259,"GACAACTACTATTCAAACAA","UUGUUUGAAUAGUAGUUGUC","+"
"sp.3295_strand.1_hd.4",3295,"TCAATTAGAGATGGAACTTA","UAAGUUCCAUCUCUAAUUGA","+"
"sp.3332_strand.1_hd.4",3332,"ATTGAAGTGAATAGTTTTAG","CUAAAACUAUUCACUUCAAU","+"
"sp.3333_strand.1_hd.4",3333,"TTGAAGTGAATAGTTTTAGT","ACUAAAACUAUUCACUUCAA","+"
"sp.3469_strand.1_hd.4",3469,"AGGAGGTGTTGCAGGAGCCT","AGGCUCCUGCAACACCUCCU","+"
"sp.3470_strand.1_hd.4",3470,"GGAGGTGTTGCAGGAGCCTT","AAGGCUCCUGCAACACCUCC","+"
"sp.3472_strand.1_hd.4",3472,"AGGTGTTGCAGGAGCCTTAA","UUAAGGCUCCUGCAACACCU","+"
"sp.3474_strand.1_hd.4",3474,"GTGTTGCAGGAGCCTTAAAT","AUUUAAGGCUCCUGCAACAC","+"
"sp.3476_strand.1_hd.4",3476,"GTTGCAGGAGCCTTAAATAA","UUAUUUAAGGCUCCUGCAAC","+"
"sp.3511_strand.1_hd.4",3511,"CATGCAAGTTGAATCTGATG","CAUCAGAUUCAACUUGCAUG","+"
"sp.3553_strand.1_hd.4",3553,"ACTTAAAGTGGGTGGTAGTT","AACUACCACCCACUUUAAGU","+"
"sp.3554_strand.1_hd.4",3554,"CTTAAAGTGGGTGGTAGTTG","CAACUACCACCCACUUUAAG","+"
"sp.3556_strand.1_hd.4",3556,"TAAAGTGGGTGGTAGTTGTG","CACAACUACCACCCACUUUA","+"
"sp.3557_strand.1_hd.4",3557,"AAAGTGGGTGGTAGTTGTGT","ACACAACUACCACCCACUUU","+"
"sp.3558_strand.1_hd.4",3558,"AAGTGGGTGGTAGTTGTGTT","AACACAACUACCACCCACUU","+"
"sp.3564_strand.1_hd.4",3564,"GTGGTAGTTGTGTTTTAAGC","GCUUAAAACACAACUACCAC","+"
"sp.3565_strand.1_hd.4",3565,"TGGTAGTTGTGTTTTAAGCG","CGCUUAAAACACAACUACCA","+"
"sp.3566_strand.1_hd.4",3566,"GGTAGTTGTGTTTTAAGCGG","CCGCUUAAAACACAACUACC","+"
"sp.3567_strand.1_hd.4",3567,"GTAGTTGTGTTTTAAGCGGA","UCCGCUUAAAACACAACUAC","+"
"sp.3568_strand.1_hd.4",3568,"TAGTTGTGTTTTAAGCGGAC","GUCCGCUUAAAACACAACUA","+"
"sp.3569_strand.1_hd.4",3569,"AGTTGTGTTTTAAGCGGACA","UGUCCGCUUAAAACACAACU","+"
"sp.3602_strand.1_hd.4",3602,"CACTGTCTTCATGTTGTCGG","CCGACAACAUGAAGACAGUG","+"
"sp.3627_strand.1_hd.4",3627,"ATGTTAACAAAGGTGAAGAC","GUCUUCACCUUUGUUAACAU","+"
"sp.3856_strand.1_hd.4",3856,"GCAAGTTGAACAAAAGATCG","CGAUCUUUUGUUCAACUUGC","+"
"sp.3866_strand.1_hd.4",3866,"CAAAAGATCGCTGAGATTCC","GGAAUCUCAGCGAUCUUUUG","+"
"sp.3925_strand.1_hd.4",3925,"TTCAGTTGAACAGAGAAAAC","GUUUUCUCUGUUCAACUGAA","+"
"sp.4205_strand.1_hd.4",4205,"GCGAAAGCTTTGAGAAAAGT","ACUUUUCUCAAAGCUUUCGC","+"
"sp.4269_strand.1_hd.4",4269,"ATGGTTACACTGTAGAGGAG","CUCCUCUACAGUGUAACCAU","+"
"sp.4270_strand.1_hd.4",4270,"TGGTTACACTGTAGAGGAGG","CCUCCUCUACAGUGUAACCA","+"
"sp.4273_strand.1_hd.4",4273,"TTACACTGTAGAGGAGGCAA","UUGCCUCCUCUACAGUGUAA","+"
"sp.4423_strand.1_hd.4",4423,"CAAATTAATGCCTGTCTGTG","CACAGACAGGCAUUAAUUUG","+"
"sp.4569_strand.1_hd.4",4569,"TCAACACACTTAACGATCTA","UAGAUCGUUAAGUGUGUUGA","+"
"sp.4953_strand.1_hd.4",4953,"GAGAAGTGAGGACTATTAAG","CUUAAUAGUCCUCACUUCUC","+"
"sp.5143_strand.1_hd.4",5143,"TCTACGTGTTGAGGCTTTTG","CAAAAGCCUCAACACGUAGA","+"
"sp.5144_strand.1_hd.4",5144,"CTACGTGTTGAGGCTTTTGA","UCAAAAGCCUCAACACGUAG","+"
"sp.5350_strand.1_hd.4",5350,"ACAAGATGCTTATTACAGAG","CUCUGUAAUAAGCAUCUUGU","+"
"sp.5461_strand.1_hd.4",5461,"GAGTTACTTGTTTCAACATG","CAUGUUGAAACAAGUAACUC","+"
"sp.5596_strand.1_hd.4",5596,"ACAATTTAAGAAAGGTGTTC","GAACACCUUUCUUAAAUUGU","+"
"sp.5598_strand.1_hd.4",5598,"AATTTAAGAAAGGTGTTCAG","CUGAACACCUUUCUUAAAUU","+"
"sp.5599_strand.1_hd.4",5599,"ATTTAAGAAAGGTGTTCAGA","UCUGAACACCUUUCUUAAAU","+"
"sp.5600_strand.1_hd.4",5600,"TTTAAGAAAGGTGTTCAGAT","AUCUGAACACCUUUCUUAAA","+"
"sp.5822_strand.1_hd.4",5822,"CTTACAAAGTCCTCAGAATA","UAUUCUGAGGACUUUGUAAG","+"
"sp.5823_strand.1_hd.4",5823,"TTACAAAGTCCTCAGAATAC","GUAUUCUGAGGACUUUGUAA","+"
"sp.6028_strand.1_hd.4",6028,"AAACGCAAGCTTCGATAATT","AAUUAUCGAAGCUUGCGUUU","+"
"sp.6030_strand.1_hd.4",6030,"ACGCAAGCTTCGATAATTTT","AAAAUUAUCGAAGCUUGCGU","+"
"sp.6031_strand.1_hd.4",6031,"CGCAAGCTTCGATAATTTTA","UAAAAUUAUCGAAGCUUGCG","+"
"sp.6123_strand.1_hd.4",6123,"GAGAGCTTAAAGTTACATTT","AAAUGUAACUUUAAGCUCUC","+"
"sp.6124_strand.1_hd.4",6124,"AGAGCTTAAAGTTACATTTT","AAAAUGUAACUUUAAGCUCU","+"
"sp.6125_strand.1_hd.4",6125,"GAGCTTAAAGTTACATTTTT","AAAAAUGUAACUUUAAGCUC","+"
"sp.6126_strand.1_hd.4",6126,"AGCTTAAAGTTACATTTTTC","GAAAAAUGUAACUUUAAGCU","+"
"sp.6127_strand.1_hd.4",6127,"GCTTAAAGTTACATTTTTCC","GGAAAAAUGUAACUUUAAGC","+"
"sp.6128_strand.1_hd.4",6128,"CTTAAAGTTACATTTTTCCC","GGGAAAAAUGUAACUUUAAG","+"
"sp.6257_strand.1_hd.4",6257,"ACTAATAAAGCCACGTATAA","UUAUACGUGGCUUUAUUAGU","+"
"sp.6282_strand.1_hd.4",6282,"ATACCTGGTGTATACGTTGT","ACAACGUAUACACCAGGUAU","+"
"sp.6330_strand.1_hd.4",6330,"CAAATTCGTTTGATGTACTG","CAGUACAUCAAACGAAUUUG","+"
"sp.6332_strand.1_hd.4",6332,"AATTCGTTTGATGTACTGAA","UUCAGUACAUCAAACGAAUU","+"
"sp.6334_strand.1_hd.4",6334,"TTCGTTTGATGTACTGAAGT","ACUUCAGUACAUCAAACGAA","+"
"sp.6335_strand.1_hd.4",6335,"TCGTTTGATGTACTGAAGTC","GACUUCAGUACAUCAAACGA","+"
"sp.6501_strand.1_hd.4",6501,"CAGCAAATAATAGTTTAAAA","UUUUAAACUAUUAUUUGCUG","+"
"sp.6876_strand.1_hd.4",6876,"AGAGTGTCGGTAAATTTTGT","ACAAAAUUUACCGACACUCU","+"
"sp.6877_strand.1_hd.4",6877,"GAGTGTCGGTAAATTTTGTC","GACAAAAUUUACCGACACUC","+"
"sp.6878_strand.1_hd.4",6878,"AGTGTCGGTAAATTTTGTCT","AGACAAAAUUUACCGACACU","+"
"sp.6879_strand.1_hd.4",6879,"GTGTCGGTAAATTTTGTCTA","UAGACAAAAUUUACCGACAC","+"
"sp.6880_strand.1_hd.4",6880,"TGTCGGTAAATTTTGTCTAG","CUAGACAAAAUUUACCGACA","+"
"sp.6881_strand.1_hd.4",6881,"GTCGGTAAATTTTGTCTAGA","UCUAGACAAAAUUUACCGAC","+"
"sp.6882_strand.1_hd.4",6882,"TCGGTAAATTTTGTCTAGAG","CUCUAGACAAAAUUUACCGA","+"
"sp.6883_strand.1_hd.4",6883,"CGGTAAATTTTGTCTAGAGG","CCUCUAGACAAAAUUUACCG","+"
"sp.7257_strand.1_hd.4",7257,"ATATTCTTTTCACTAGGTTT","AAACCUAGUGAAAAGAAUAU","+"
"sp.7258_strand.1_hd.4",7258,"TATTCTTTTCACTAGGTTTT","AAAACCUAGUGAAAAGAAUA","+"
"sp.7260_strand.1_hd.4",7260,"TTCTTTTCACTAGGTTTTTC","GAAAAACCUAGUGAAAAGAA","+"
"sp.7261_strand.1_hd.4",7261,"TCTTTTCACTAGGTTTTTCT","AGAAAAACCUAGUGAAAAGA","+"
"sp.7720_strand.1_hd.4",7720,"CCAGTCTTCTTACATCGTTG","CAACGAUGUAAGAAGACUGG","+"
"sp.7721_strand.1_hd.4",7721,"CAGTCTTCTTACATCGTTGA","UCAACGAUGUAAGAAGACUG","+"
"sp.7723_strand.1_hd.4",7723,"GTCTTCTTACATCGTTGATA","UAUCAACGAUGUAAGAAGAC","+"
"sp.7724_strand.1_hd.4",7724,"TCTTCTTACATCGTTGATAG","CUAUCAACGAUGUAAGAAGA","+"
"sp.7725_strand.1_hd.4",7725,"CTTCTTACATCGTTGATAGT","ACUAUCAACGAUGUAAGAAG","+"
"sp.7726_strand.1_hd.4",7726,"TTCTTACATCGTTGATAGTG","CACUAUCAACGAUGUAAGAA","+"
"sp.7727_strand.1_hd.4",7727,"TCTTACATCGTTGATAGTGT","ACACUAUCAACGAUGUAAGA","+"
"sp.7728_strand.1_hd.4",7728,"CTTACATCGTTGATAGTGTT","AACACUAUCAACGAUGUAAG","+"
"sp.7730_strand.1_hd.4",7730,"TACATCGTTGATAGTGTTAC","GUAACACUAUCAACGAUGUA","+"
"sp.7731_strand.1_hd.4",7731,"ACATCGTTGATAGTGTTACA","UGUAACACUAUCAACGAUGU","+"
"sp.7732_strand.1_hd.4",7732,"CATCGTTGATAGTGTTACAG","CUGUAACACUAUCAACGAUG","+"
"sp.8002_strand.1_hd.4",8002,"TGTTGGTGATAGTGCGGAAG","CUUCCGCACUAUCACCAACA","+"
"sp.8003_strand.1_hd.4",8003,"GTTGGTGATAGTGCGGAAGT","ACUUCCGCACUAUCACCAAC","+"
"sp.8004_strand.1_hd.4",8004,"TTGGTGATAGTGCGGAAGTT","AACUUCCGCACUAUCACCAA","+"
"sp.8005_strand.1_hd.4",8005,"TGGTGATAGTGCGGAAGTTG","CAACUUCCGCACUAUCACCA","+"
"sp.8385_strand.1_hd.4",8385,"ACAACATTGCTTTGATATGG","CCAUAUCAAAGCAAUGUUGU","+"
"sp.8386_strand.1_hd.4",8386,"CAACATTGCTTTGATATGGA","UCCAUAUCAAAGCAAUGUUG","+"
"sp.8387_strand.1_hd.4",8387,"AACATTGCTTTGATATGGAA","UUCCAUAUCAAAGCAAUGUU","+"
"sp.8476_strand.1_hd.4",8476,"CTTACCTTTTAAGTTGACAT","AUGUCAACUUAAAAGGUAAG","+"
"sp.8478_strand.1_hd.4",8478,"TACCTTTTAAGTTGACATGT","ACAUGUCAACUUAAAAGGUA","+"
"sp.8854_strand.1_hd.4",8854,"TTTTGTCGTGCCTGGTTTGC","GCAAACCAGGCACGACAAAA","+"
"sp.8856_strand.1_hd.4",8856,"TTGTCGTGCCTGGTTTGCCT","AGGCAAACCAGGCACGACAA","+"
"sp.9089_strand.1_hd.4",9089,"TCTGTTGCTTATGAAAGTTT","AAACUUUCAUAAGCAACAGA","+"
"sp.9092_strand.1_hd.4",9092,"GTTGCTTATGAAAGTTTACG","CGUAAACUUUCAUAAGCAAC","+"
"sp.9093_strand.1_hd.4",9093,"TTGCTTATGAAAGTTTACGC","GCGUAAACUUUCAUAAGCAA","+"
"sp.9094_strand.1_hd.4",9094,"TGCTTATGAAAGTTTACGCC","GGCGUAAACUUUCAUAAGCA","+"
"sp.9095_strand.1_hd.4",9095,"GCTTATGAAAGTTTACGCCC","GGGCGUAAACUUUCAUAAGC","+"
"sp.9096_strand.1_hd.4",9096,"CTTATGAAAGTTTACGCCCT","AGGGCGUAAACUUUCAUAAG","+"
"sp.9097_strand.1_hd.4",9097,"TTATGAAAGTTTACGCCCTG","CAGGGCGUAAACUUUCAUAA","+"
"sp.9400_strand.1_hd.4",9400,"ATCTATAGTAGCTGGTGGTA","UACCACCAGCUACUAUAGAU","+"
"sp.9401_strand.1_hd.4",9401,"TCTATAGTAGCTGGTGGTAT","AUACCACCAGCUACUAUAGA","+"
"sp.9402_strand.1_hd.4",9402,"CTATAGTAGCTGGTGGTATT","AAUACCACCAGCUACUAUAG","+"
"sp.9405_strand.1_hd.4",9405,"TAGTAGCTGGTGGTATTGTA","UACAAUACCACCAGCUACUA","+"
"sp.9411_strand.1_hd.4",9411,"CTGGTGGTATTGTAGCTATC","GAUAGCUACAAUACCACCAG","+"
"sp.9412_strand.1_hd.4",9412,"TGGTGGTATTGTAGCTATCG","CGAUAGCUACAAUACCACCA","+"
"sp.9413_strand.1_hd.4",9413,"GGTGGTATTGTAGCTATCGT","ACGAUAGCUACAAUACCACC","+"
"sp.9414_strand.1_hd.4",9414,"GTGGTATTGTAGCTATCGTA","UACGAUAGCUACAAUACCAC","+"
"sp.9415_strand.1_hd.4",9415,"TGGTATTGTAGCTATCGTAG","CUACGAUAGCUACAAUACCA","+"
"sp.9626_strand.1_hd.4",9626,"TCTTTTTTAGCACATATTCA","UGAAUAUGUGCUAAAAAAGA","+"
"sp.9627_strand.1_hd.4",9627,"CTTTTTTAGCACATATTCAG","CUGAAUAUGUGCUAAAAAAG","+"
"sp.9679_strand.1_hd.4",9679,"CTGGATAACAATTGCTTATA","UAUAAGCAAUUGUUAUCCAG","+"
"sp.9688_strand.1_hd.4",9688,"AATTGCTTATATCATTTGTA","UACAAAUGAUAUAAGCAAUU","+"
"sp.9689_strand.1_hd.4",9689,"ATTGCTTATATCATTTGTAT","AUACAAAUGAUAUAAGCAAU","+"
"sp.9690_strand.1_hd.4",9690,"TTGCTTATATCATTTGTATT","AAUACAAAUGAUAUAAGCAA","+"
"sp.9692_strand.1_hd.4",9692,"GCTTATATCATTTGTATTTC","GAAAUACAAAUGAUAUAAGC","+"
"sp.9693_strand.1_hd.4",9693,"CTTATATCATTTGTATTTCC","GGAAAUACAAAUGAUAUAAG","+"
"sp.9723_strand.1_hd.4",9723,"TCTATTGGTTCTTTAGTAAT","AUUACUAAAGAACCAAUAGA","+"
"sp.9801_strand.1_hd.4",9801,"CGCTGTGCACCTTTTTGTTA","UAACAAAAAGGUGCACAGCG","+"
"sp.9802_strand.1_hd.4",9802,"GCTGTGCACCTTTTTGTTAA","UUAACAAAAAGGUGCACAGC","+"
"sp.9837_strand.1_hd.4",9837,"TAAAGTTGCGTAGTGATGTG","CACAUCACUACGCAACUUUA","+"
"sp.9838_strand.1_hd.4",9838,"AAAGTTGCGTAGTGATGTGC","GCACAUCACUACGCAACUUU","+"
"sp.9839_strand.1_hd.4",9839,"AAGTTGCGTAGTGATGTGCT","AGCACAUCACUACGCAACUU","+"
"sp.9840_strand.1_hd.4",9840,"AGTTGCGTAGTGATGTGCTA","UAGCACAUCACUACGCAACU","+"
"sp.9841_strand.1_hd.4",9841,"GTTGCGTAGTGATGTGCTAT","AUAGCACAUCACUACGCAAC","+"
"sp.9842_strand.1_hd.4",9842,"TTGCGTAGTGATGTGCTATT","AAUAGCACAUCACUACGCAA","+"
"sp.9843_strand.1_hd.4",9843,"TGCGTAGTGATGTGCTATTA","UAAUAGCACAUCACUACGCA","+"
"sp.9845_strand.1_hd.4",9845,"CGTAGTGATGTGCTATTACC","GGUAAUAGCACAUCACUACG","+"
"sp.9846_strand.1_hd.4",9846,"GTAGTGATGTGCTATTACCT","AGGUAAUAGCACAUCACUAC","+"
"sp.9847_strand.1_hd.4",9847,"TAGTGATGTGCTATTACCTC","GAGGUAAUAGCACAUCACUA","+"
"sp.9848_strand.1_hd.4",9848,"AGTGATGTGCTATTACCTCT","AGAGGUAAUAGCACAUCACU","+"
"sp.9849_strand.1_hd.4",9849,"GTGATGTGCTATTACCTCTT","AAGAGGUAAUAGCACAUCAC","+"
"sp.9853_strand.1_hd.4",9853,"TGTGCTATTACCTCTTACGC","GCGUAAGAGGUAAUAGCACA","+"
"sp.9957_strand.1_hd.4",9957,"GTTGTCATCTCGCAAAGGCT","AGCCUUUGCGAGAUGACAAC","+"
"sp.9963_strand.1_hd.4",9963,"ATCTCGCAAAGGCTCTCAAT","AUUGAGAGCCUUUGCGAGAU","+"
"sp.9964_strand.1_hd.4",9964,"TCTCGCAAAGGCTCTCAATG","CAUUGAGAGCCUUUGCGAGA","+"
"sp.10083_strand.1_hd.4",10083,"CTGGTAAAGTTGAGGGTTGT","ACAACCCUCAACUUUACCAG","+"
"sp.10084_strand.1_hd.4",10084,"TGGTAAAGTTGAGGGTTGTA","UACAACCCUCAACUUUACCA","+"
"sp.10155_strand.1_hd.4",10155,"ACGTAGTTTACTGTCCAAGA","UCUUGGACAGUAAACUACGU","+"
"sp.10227_strand.1_hd.4",10227,"TCATTCGTAAGTCTAATCAT","AUGAUUAGACUUACGAAUGA","+"
"sp.10230_strand.1_hd.4",10230,"TTCGTAAGTCTAATCATAAT","AUUAUGAUUAGACUUACGAA","+"
"sp.10231_strand.1_hd.4",10231,"TCGTAAGTCTAATCATAATT","AAUUAUGAUUAGACUUACGA","+"
"sp.10268_strand.1_hd.4",10268,"AATGTTCAACTCAGGGTTAT","AUAACCCUGAGUUGAACAUU","+"
"sp.10278_strand.1_hd.4",10278,"TCAGGGTTATTGGACATTCT","AGAAUGUCCAAUAACCCUGA","+"
"sp.10279_strand.1_hd.4",10279,"CAGGGTTATTGGACATTCTA","UAGAAUGUCCAAUAACCCUG","+"
"sp.10314_strand.1_hd.4",10314,"TTAAGCTTAAGGTTGATACA","UGUAUCAACCUUAAGCUUAA","+"
"sp.10315_strand.1_hd.4",10315,"TAAGCTTAAGGTTGATACAG","CUGUAUCAACCUUAAGCUUA","+"
"sp.10450_strand.1_hd.4",10450,"CAATTTCACTATTAAGGGTT","AACCCUUAAUAGUGAAAUUG","+"
"sp.11693_strand.1_hd.4",11693,"GTTTATGATTACTTAGTTTC","GAAACUAAGUAAUCAUAAAC","+"
"sp.11698_strand.1_hd.4",11698,"TGATTACTTAGTTTCTACAC","GUGUAGAAACUAAGUAAUCA","+"
"sp.11793_strand.1_hd.4",11793,"AATTGTTGGGTGTTGGTGGC","GCCACCAACACCCAACAAUU","+"
"sp.11794_strand.1_hd.4",11794,"ATTGTTGGGTGTTGGTGGCA","UGCCACCAACACCCAACAAU","+"
"sp.11795_strand.1_hd.4",11795,"TTGTTGGGTGTTGGTGGCAA","UUGCCACCAACACCCAACAA","+"
"sp.11796_strand.1_hd.4",11796,"TGTTGGGTGTTGGTGGCAAA","UUUGCCACCAACACCCAACA","+"
"sp.11797_strand.1_hd.4",11797,"GTTGGGTGTTGGTGGCAAAC","GUUUGCCACCAACACCCAAC","+"
"sp.13612_strand.1_hd.4",13612,"GAAAAGGACGAAGATGACAA","UUGUCAUCUUCGUCCUUUUC","+"
"sp.14027_strand.1_hd.4",14027,"TGCGAAATGCTGGTATTGTT","AACAAUACCAGCAUUUCGCA","+"
"sp.14028_strand.1_hd.4",14028,"GCGAAATGCTGGTATTGTTG","CAACAAUACCAGCAUUUCGC","+"
"sp.14029_strand.1_hd.4",14029,"CGAAATGCTGGTATTGTTGG","CCAACAAUACCAGCAUUUCG","+"
"sp.14030_strand.1_hd.4",14030,"GAAATGCTGGTATTGTTGGT","ACCAACAAUACCAGCAUUUC","+"
"sp.14036_strand.1_hd.4",14036,"CTGGTATTGTTGGTGTACTG","CAGUACACCAACAAUACCAG","+"
"sp.14037_strand.1_hd.4",14037,"TGGTATTGTTGGTGTACTGA","UCAGUACACCAACAAUACCA","+"
"sp.14040_strand.1_hd.4",14040,"TATTGTTGGTGTACTGACAT","AUGUCAGUACACCAACAAUA","+"
"sp.14163_strand.1_hd.4",14163,"AATGCCTATATTAACCTTGA","UCAAGGUUAAUAUAGGCAUU","+"
"sp.15588_strand.1_hd.4",15588,"CGATAAGTATGTCCGCAATT","AAUUGCGGACAUACUUAUCG","+"
"sp.15711_strand.1_hd.4",15711,"ACTCTCTGACGATGCTGTTG","CAACAGCAUCGUCAGAGAGU","+"
"sp.15713_strand.1_hd.4",15713,"TCTCTGACGATGCTGTTGTG","CACAACAGCAUCGUCAGAGA","+"
"sp.15943_strand.1_hd.4",15943,"TCAAGAATCCTAGGGGCCGG","CCGGCCCCUAGGAUUCUUGA","+"
"sp.15946_strand.1_hd.4",15946,"AGAATCCTAGGGGCCGGCTG","CAGCCGGCCCCUAGGAUUCU","+"
"sp.15947_strand.1_hd.4",15947,"GAATCCTAGGGGCCGGCTGT","ACAGCCGGCCCCUAGGAUUC","+"
"sp.15948_strand.1_hd.4",15948,"AATCCTAGGGGCCGGCTGTT","AACAGCCGGCCCCUAGGAUU","+"
"sp.15949_strand.1_hd.4",15949,"ATCCTAGGGGCCGGCTGTTT","AAACAGCCGGCCCCUAGGAU","+"
"sp.15950_strand.1_hd.4",15950,"TCCTAGGGGCCGGCTGTTTT","AAAACAGCCGGCCCCUAGGA","+"
"sp.15951_strand.1_hd.4",15951,"CCTAGGGGCCGGCTGTTTTG","CAAAACAGCCGGCCCCUAGG","+"
"sp.15952_strand.1_hd.4",15952,"CTAGGGGCCGGCTGTTTTGT","ACAAAACAGCCGGCCCCUAG","+"
"sp.18051_strand.1_hd.4",18051,"AACAGGACTCTTTAAAGATT","AAUCUUUAAAGAGUCCUGUU","+"
"sp.18052_strand.1_hd.4",18052,"ACAGGACTCTTTAAAGATTG","CAAUCUUUAAAGAGUCCUGU","+"
"sp.18054_strand.1_hd.4",18054,"AGGACTCTTTAAAGATTGTA","UACAAUCUUUAAAGAGUCCU","+"
"sp.18055_strand.1_hd.4",18055,"GGACTCTTTAAAGATTGTAG","CUACAAUCUUUAAAGAGUCC","+"
"sp.18060_strand.1_hd.4",18060,"CTTTAAAGATTGTAGTAAGG","CCUUACUACAAUCUUUAAAG","+"
"sp.18263_strand.1_hd.4",18263,"CCCGCGAAGAAGCTATAAGA","UCUUAUAGCUUCUUCGCGGG","+"
"sp.18264_strand.1_hd.4",18264,"CCGCGAAGAAGCTATAAGAC","GUCUUAUAGCUUCUUCGCGG","+"
"sp.18265_strand.1_hd.4",18265,"CGCGAAGAAGCTATAAGACA","UGUCUUAUAGCUUCUUCGCG","+"
"sp.18266_strand.1_hd.4",18266,"GCGAAGAAGCTATAAGACAT","AUGUCUUAUAGCUUCUUCGC","+"
"sp.18267_strand.1_hd.4",18267,"CGAAGAAGCTATAAGACATG","CAUGUCUUAUAGCUUCUUCG","+"
"sp.18269_strand.1_hd.4",18269,"AAGAAGCTATAAGACATGTA","UACAUGUCUUAUAGCUUCUU","+"
"sp.18270_strand.1_hd.4",18270,"AGAAGCTATAAGACATGTAC","GUACAUGUCUUAUAGCUUCU","+"
"sp.18271_strand.1_hd.4",18271,"GAAGCTATAAGACATGTACG","CGUACAUGUCUUAUAGCUUC","+"
"sp.18272_strand.1_hd.4",18272,"AAGCTATAAGACATGTACGT","ACGUACAUGUCUUAUAGCUU","+"
"sp.18273_strand.1_hd.4",18273,"AGCTATAAGACATGTACGTG","CACGUACAUGUCUUAUAGCU","+"
"sp.18329_strand.1_hd.4",18329,"CTAGAGAAGCTGTTGGTACC","GGUACCAACAGCUUCUCUAG","+"
"sp.18459_strand.1_hd.4",18459,"ACCGCCTGGAGATCAATTTA","UAAAUUGAUCUCCAGGCGGU","+"
"sp.18460_strand.1_hd.4",18460,"CCGCCTGGAGATCAATTTAA","UUAAAUUGAUCUCCAGGCGG","+"
"sp.18461_strand.1_hd.4",18461,"CGCCTGGAGATCAATTTAAA","UUUAAAUUGAUCUCCAGGCG","+"
"sp.18462_strand.1_hd.4",18462,"GCCTGGAGATCAATTTAAAC","GUUUAAAUUGAUCUCCAGGC","+"
"sp.18603_strand.1_hd.4",18603,"TGGCTTTGAGTTGACATCTA","UAGAUGUCAACUCAAAGCCA","+"
"sp.18604_strand.1_hd.4",18604,"GGCTTTGAGTTGACATCTAT","AUAGAUGUCAACUCAAAGCC","+"
"sp.18605_strand.1_hd.4",18605,"GCTTTGAGTTGACATCTATG","CAUAGAUGUCAACUCAAAGC","+"
"sp.18606_strand.1_hd.4",18606,"CTTTGAGTTGACATCTATGA","UCAUAGAUGUCAACUCAAAG","+"
"sp.18607_strand.1_hd.4",18607,"TTTGAGTTGACATCTATGAA","UUCAUAGAUGUCAACUCAAA","+"
"sp.18610_strand.1_hd.4",18610,"GAGTTGACATCTATGAAGTA","UACUUCAUAGAUGUCAACUC","+"
"sp.18808_strand.1_hd.4",18808,"CATGATCTGTATTGTCAAGT","ACUUGACAAUACAGAUCAUG","+"
"sp.18812_strand.1_hd.4",18812,"ATCTGTATTGTCAAGTCCAT","AUGGACUUGACAAUACAGAU","+"
"sp.18814_strand.1_hd.4",18814,"CTGTATTGTCAAGTCCATGG","CCAUGGACUUGACAAUACAG","+"
"sp.18815_strand.1_hd.4",18815,"TGTATTGTCAAGTCCATGGT","ACCAUGGACUUGACAAUACA","+"
"sp.18816_strand.1_hd.4",18816,"GTATTGTCAAGTCCATGGTA","UACCAUGGACUUGACAAUAC","+"
"sp.18817_strand.1_hd.4",18817,"TATTGTCAAGTCCATGGTAA","UUACCAUGGACUUGACAAUA","+"
"sp.18818_strand.1_hd.4",18818,"ATTGTCAAGTCCATGGTAAT","AUUACCAUGGACUUGACAAU","+"
"sp.18821_strand.1_hd.4",18821,"GTCAAGTCCATGGTAATGCA","UGCAUUACCAUGGACUUGAC","+"
"sp.20152_strand.1_hd.4",20152,"TATTATAAGAAAGTTGATGG","CCAUCAACUUUCUUAUAAUA","+"
"sp.20153_strand.1_hd.4",20153,"ATTATAAGAAAGTTGATGGT","ACCAUCAACUUUCUUAUAAU","+"
"sp.20154_strand.1_hd.4",20154,"TTATAAGAAAGTTGATGGTG","CACCAUCAACUUUCUUAUAA","+"
"sp.20155_strand.1_hd.4",20155,"TATAAGAAAGTTGATGGTGT","ACACCAUCAACUUUCUUAUA","+"
"sp.20173_strand.1_hd.4",20173,"GTTGTCCAACAATTACCTGA","UCAGGUAAUUGUUGGACAAC","+"
"sp.20544_strand.1_hd.4",20544,"CCAAGATTTATCTGTAGTTT","AAACUACAGAUAAAUCUUGG","+"
"sp.20618_strand.1_hd.4",20618,"GTAAAGATGGCCATGTAGAA","UUCUACAUGGCCAUCUUUAC","+"
"sp.20714_strand.1_hd.4",20714,"GAATGCTATTAGAAAAGTGT","ACACUUUUCUAAUAGCAUUC","+"
"sp.20715_strand.1_hd.4",20715,"AATGCTATTAGAAAAGTGTG","CACACUUUUCUAAUAGCAUU","+"
"sp.20716_strand.1_hd.4",20716,"ATGCTATTAGAAAAGTGTGA","UCACACUUUUCUAAUAGCAU","+"
"sp.20717_strand.1_hd.4",20717,"TGCTATTAGAAAAGTGTGAC","GUCACACUUUUCUAAUAGCA","+"
"sp.20817_strand.1_hd.4",20817,"TTTAAACACATTAACATTAG","CUAAUGUUAAUGUGUUUAAA","+"
"sp.20825_strand.1_hd.4",20825,"CATTAACATTAGCTGTACCC","GGGUACAGCUAAUGUUAAUG","+"
"sp.20930_strand.1_hd.4",20930,"CGGGTACGCTGCTTGTCGAT","AUCGACAAGCAGCGUACCCG","+"
"sp.20931_strand.1_hd.4",20931,"GGGTACGCTGCTTGTCGATT","AAUCGACAAGCAGCGUACCC","+"
"sp.21273_strand.1_hd.4",21273,"TTTAATTGGATGTAATTATC","GAUAAUUACAUCCAAUUAAA","+"
"sp.21302_strand.1_hd.4",21302,"CACGCGAACAAATAGATGGT","ACCAUCUAUUUGUUCGCGUG","+"
"sp.21304_strand.1_hd.4",21304,"CGCGAACAAATAGATGGTTA","UAACCAUCUAUUUGUUCGCG","+"
"sp.21305_strand.1_hd.4",21305,"GCGAACAAATAGATGGTTAT","AUAACCAUCUAUUUGUUCGC","+"
"sp.21306_strand.1_hd.4",21306,"CGAACAAATAGATGGTTATG","CAUAACCAUCUAUUUGUUCG","+"
"sp.21625_strand.1_hd.4",21625,"AACTCAATTACCCCCTGCAT","AUGCAGGGGGUAAUUGAGUU","+"
"sp.21626_strand.1_hd.4",21626,"ACTCAATTACCCCCTGCATA","UAUGCAGGGGGUAAUUGAGU","+"
"sp.21627_strand.1_hd.4",21627,"CTCAATTACCCCCTGCATAC","GUAUGCAGGGGGUAAUUGAG","+"
"sp.21647_strand.1_hd.4",21647,"ACTAATTCTTTCACACGTGG","CCACGUGUGAAAGAAUUAGU","+"
"sp.21693_strand.1_hd.4",21693,"GATCCTCAGTTTTACATTCA","UGAAUGUAAAACUGAGGAUC","+"
"sp.21694_strand.1_hd.4",21694,"ATCCTCAGTTTTACATTCAA","UUGAAUGUAAAACUGAGGAU","+"
"sp.21742_strand.1_hd.4",21742,"CAATGTTACTTGGTTCCATG","CAUGGAACCAAGUAACAUUG","+"
"sp.21743_strand.1_hd.4",21743,"AATGTTACTTGGTTCCATGC","GCAUGGAACCAAGUAACAUU","+"
"sp.21744_strand.1_hd.4",21744,"ATGTTACTTGGTTCCATGCT","AGCAUGGAACCAAGUAACAU","+"
"sp.21745_strand.1_hd.4",21745,"TGTTACTTGGTTCCATGCTA","UAGCAUGGAACCAAGUAACA","+"
"sp.21746_strand.1_hd.4",21746,"GTTACTTGGTTCCATGCTAT","AUAGCAUGGAACCAAGUAAC","+"
"sp.21747_strand.1_hd.4",21747,"TTACTTGGTTCCATGCTATA","UAUAGCAUGGAACCAAGUAA","+"
"sp.21748_strand.1_hd.4",21748,"TACTTGGTTCCATGCTATAC","GUAUAGCAUGGAACCAAGUA","+"
"sp.21759_strand.1_hd.4",21759,"ATGCTATACATGTCTCTGGG","CCCAGAGACAUGUAUAGCAU","+"
"sp.22194_strand.1_hd.4",22194,"ATTTAGTGCGTGATCTCCCT","AGGGAGAUCACGCACUAAAU","+"
"sp.22195_strand.1_hd.4",22195,"TTTAGTGCGTGATCTCCCTC","GAGGGAGAUCACGCACUAAA","+"
"sp.22213_strand.1_hd.4",22213,"TCAGGGTTTTTCGGCTTTAG","CUAAAGCCGAAAAACCCUGA","+"
"sp.22214_strand.1_hd.4",22214,"CAGGGTTTTTCGGCTTTAGA","UCUAAAGCCGAAAAACCCUG","+"
"sp.22215_strand.1_hd.4",22215,"AGGGTTTTTCGGCTTTAGAA","UUCUAAAGCCGAAAAACCCU","+"
"sp.22216_strand.1_hd.4",22216,"GGGTTTTTCGGCTTTAGAAC","GUUCUAAAGCCGAAAAACCC","+"
"sp.22609_strand.1_hd.4",22609,"TGTTTATGCTTGGAACAGGA","UCCUGUUCCAAGCAUAAACA","+"
"sp.22626_strand.1_hd.4",22626,"GGAAGAGAATCAGCAACTGT","ACAGUUGCUGAUUCUCUUCC","+"
"sp.22659_strand.1_hd.4",22659,"CTGTCCTATATAATTCCGCA","UGCGGAAUUAUAUAGGACAG","+"
"sp.22660_strand.1_hd.4",22660,"TGTCCTATATAATTCCGCAT","AUGCGGAAUUAUAUAGGACA","+"
"sp.22661_strand.1_hd.4",22661,"GTCCTATATAATTCCGCATC","GAUGCGGAAUUAUAUAGGAC","+"
"sp.22662_strand.1_hd.4",22662,"TCCTATATAATTCCGCATCA","UGAUGCGGAAUUAUAUAGGA","+"
"sp.22671_strand.1_hd.4",22671,"ATTCCGCATCATTTTCCACT","AGUGGAAAAUGAUGCGGAAU","+"
"sp.22674_strand.1_hd.4",22674,"CCGCATCATTTTCCACTTTT","AAAAGUGGAAAAUGAUGCGG","+"
"sp.22675_strand.1_hd.4",22675,"CGCATCATTTTCCACTTTTA","UAAAAGUGGAAAAUGAUGCG","+"
"sp.22676_strand.1_hd.4",22676,"GCATCATTTTCCACTTTTAA","UUAAAAGUGGAAAAUGAUGC","+"
"sp.22753_strand.1_hd.4",22753,"AGATTCATTTGTAATTAGAG","CUCUAAUUACAAAUGAAUCU","+"
"sp.22754_strand.1_hd.4",22754,"GATTCATTTGTAATTAGAGG","CCUCUAAUUACAAAUGAAUC","+"
"sp.22755_strand.1_hd.4",22755,"ATTCATTTGTAATTAGAGGT","ACCUCUAAUUACAAAUGAAU","+"
"sp.22758_strand.1_hd.4",22758,"CATTTGTAATTAGAGGTGAT","AUCACCUCUAAUUACAAAUG","+"
"sp.22759_strand.1_hd.4",22759,"ATTTGTAATTAGAGGTGATG","CAUCACCUCUAAUUACAAAU","+"
"sp.22760_strand.1_hd.4",22760,"TTTGTAATTAGAGGTGATGA","UCAUCACCUCUAAUUACAAA","+"
"sp.22761_strand.1_hd.4",22761,"TTGTAATTAGAGGTGATGAA","UUCAUCACCUCUAAUUACAA","+"
"sp.22763_strand.1_hd.4",22763,"GTAATTAGAGGTGATGAAGT","ACUUCAUCACCUCUAAUUAC","+"
"sp.22806_strand.1_hd.4",22806,"CTGGAAAGATTGCTGATTAT","AUAAUCAGCAAUCUUUCCAG","+"
"sp.22839_strand.1_hd.4",22839,"CAGATGATTTTACAGGCTGC","GCAGCCUGUAAAAUCAUCUG","+"
"sp.22840_strand.1_hd.4",22840,"AGATGATTTTACAGGCTGCG","CGCAGCCUGUAAAAUCAUCU","+"
"sp.22842_strand.1_hd.4",22842,"ATGATTTTACAGGCTGCGTT","AACGCAGCCUGUAAAAUCAU","+"
"sp.22843_strand.1_hd.4",22843,"TGATTTTACAGGCTGCGTTA","UAACGCAGCCUGUAAAAUCA","+"
"sp.22854_strand.1_hd.4",22854,"GCTGCGTTATAGCTTGGAAT","AUUCCAAGCUAUAACGCAGC","+"
"sp.22855_strand.1_hd.4",22855,"CTGCGTTATAGCTTGGAATT","AAUUCCAAGCUAUAACGCAG","+"
"sp.22861_strand.1_hd.4",22861,"TATAGCTTGGAATTCTAACA","UGUUAGAAUUCCAAGCUAUA","+"
"sp.22863_strand.1_hd.4",22863,"TAGCTTGGAATTCTAACAAT","AUUGUUAGAAUUCCAAGCUA","+"
"sp.22865_strand.1_hd.4",22865,"GCTTGGAATTCTAACAATCT","AGAUUGUUAGAAUUCCAAGC","+"
"sp.22867_strand.1_hd.4",22867,"TTGGAATTCTAACAATCTTG","CAAGAUUGUUAGAAUUCCAA","+"
"sp.22880_strand.1_hd.4",22880,"AATCTTGATTCTAAGGTTGG","CCAACCUUAGAAUCAAGAUU","+"
"sp.22881_strand.1_hd.4",22881,"ATCTTGATTCTAAGGTTGGT","ACCAACCUUAGAAUCAAGAU","+"
"sp.22882_strand.1_hd.4",22882,"TCTTGATTCTAAGGTTGGTG","CACCAACCUUAGAAUCAAGA","+"
"sp.22883_strand.1_hd.4",22883,"CTTGATTCTAAGGTTGGTGG","CCACCAACCUUAGAAUCAAG","+"
"sp.22884_strand.1_hd.4",22884,"TTGATTCTAAGGTTGGTGGT","ACCACCAACCUUAGAAUCAA","+"
"sp.22886_strand.1_hd.4",22886,"GATTCTAAGGTTGGTGGTAA","UUACCACCAACCUUAGAAUC","+"
"sp.22887_strand.1_hd.4",22887,"ATTCTAAGGTTGGTGGTAAT","AUUACCACCAACCUUAGAAU","+"
"sp.22888_strand.1_hd.4",22888,"TTCTAAGGTTGGTGGTAATT","AAUUACCACCAACCUUAGAA","+"
"sp.22889_strand.1_hd.4",22889,"TCTAAGGTTGGTGGTAATTA","UAAUUACCACCAACCUUAGA","+"
"sp.22890_strand.1_hd.4",22890,"CTAAGGTTGGTGGTAATTAT","AUAAUUACCACCAACCUUAG","+"
"sp.22891_strand.1_hd.4",22891,"TAAGGTTGGTGGTAATTATA","UAUAAUUACCACCAACCUUA","+"
"sp.22892_strand.1_hd.4",22892,"AAGGTTGGTGGTAATTATAA","UUAUAAUUACCACCAACCUU","+"
"sp.22893_strand.1_hd.4",22893,"AGGTTGGTGGTAATTATAAT","AUUAUAAUUACCACCAACCU","+"
"sp.22895_strand.1_hd.4",22895,"GTTGGTGGTAATTATAATTA","UAAUUAUAAUUACCACCAAC","+"
"sp.22914_strand.1_hd.4",22914,"ACCTGTATAGATTGTTTAGG","CCUAAACAAUCUAUACAGGU","+"
"sp.22915_strand.1_hd.4",22915,"CCTGTATAGATTGTTTAGGA","UCCUAAACAAUCUAUACAGG","+"
"sp.22919_strand.1_hd.4",22919,"TATAGATTGTTTAGGAAGTC","GACUUCCUAAACAAUCUAUA","+"
"sp.22920_strand.1_hd.4",22920,"ATAGATTGTTTAGGAAGTCT","AGACUUCCUAAACAAUCUAU","+"
"sp.22921_strand.1_hd.4",22921,"TAGATTGTTTAGGAAGTCTA","UAGACUUCCUAAACAAUCUA","+"
"sp.22946_strand.1_hd.4",22946,"AAACCTTTTGAGAGAGATAT","AUAUCUCUCUCAAAAGGUUU","+"
"sp.22954_strand.1_hd.4",22954,"TGAGAGAGATATTTCAACTG","CAGUUGAAAUAUCUCUCUCA","+"
"sp.23004_strand.1_hd.4",23004,"ATGGTGTTGAAGGTTTTAAT","AUUAAAACCUUCAACACCAU","+"
"sp.23005_strand.1_hd.4",23005,"TGGTGTTGAAGGTTTTAATT","AAUUAAAACCUUCAACACCA","+"
"sp.23010_strand.1_hd.4",23010,"TTGAAGGTTTTAATTGTTAC","GUAACAAUUAAAACCUUCAA","+"
"sp.23011_strand.1_hd.4",23011,"TGAAGGTTTTAATTGTTACT","AGUAACAAUUAAAACCUUCA","+"
"sp.23013_strand.1_hd.4",23013,"AAGGTTTTAATTGTTACTTT","AAAGUAACAAUUAAAACCUU","+"
"sp.23015_strand.1_hd.4",23015,"GGTTTTAATTGTTACTTTCC","GGAAAGUAACAAUUAAAACC","+"
"sp.23185_strand.1_hd.4",23185,"CAACTTCAATGGTTTAACAG","CUGUUAAACCAUUGAAGUUG","+"
"sp.23186_strand.1_hd.4",23186,"AACTTCAATGGTTTAACAGG","CCUGUUAAACCAUUGAAGUU","+"
"sp.23187_strand.1_hd.4",23187,"ACTTCAATGGTTTAACAGGC","GCCUGUUAAACCAUUGAAGU","+"
"sp.23188_strand.1_hd.4",23188,"CTTCAATGGTTTAACAGGCA","UGCCUGUUAAACCAUUGAAG","+"
"sp.23204_strand.1_hd.4",23204,"GGCACAGGTGTTCTTACTGA","UCAGUAAGAACACCUGUGCC","+"
"sp.23205_strand.1_hd.4",23205,"GCACAGGTGTTCTTACTGAG","CUCAGUAAGAACACCUGUGC","+"
"sp.23206_strand.1_hd.4",23206,"CACAGGTGTTCTTACTGAGT","ACUCAGUAAGAACACCUGUG","+"
"sp.23207_strand.1_hd.4",23207,"ACAGGTGTTCTTACTGAGTC","GACUCAGUAAGAACACCUGU","+"
"sp.23208_strand.1_hd.4",23208,"CAGGTGTTCTTACTGAGTCT","AGACUCAGUAAGAACACCUG","+"
"sp.23209_strand.1_hd.4",23209,"AGGTGTTCTTACTGAGTCTA","UAGACUCAGUAAGAACACCU","+"
"sp.23214_strand.1_hd.4",23214,"TTCTTACTGAGTCTAACAAA","UUUGUUAGACUCAGUAAGAA","+"
"sp.23217_strand.1_hd.4",23217,"TTACTGAGTCTAACAAAAAG","CUUUUUGUUAGACUCAGUAA","+"
"sp.23440_strand.1_hd.4",23440,"AGATCAACTTACTCCTACTT","AAGUAGGAGUAAGUUGAUCU","+"
"sp.23451_strand.1_hd.4",23451,"CTCCTACTTGGCGTGTTTAT","AUAAACACGCCAAGUAGGAG","+"
"sp.23452_strand.1_hd.4",23452,"TCCTACTTGGCGTGTTTATT","AAUAAACACGCCAAGUAGGA","+"
"sp.23454_strand.1_hd.4",23454,"CTACTTGGCGTGTTTATTCT","AGAAUAAACACGCCAAGUAG","+"
"sp.23455_strand.1_hd.4",23455,"TACTTGGCGTGTTTATTCTA","UAGAAUAAACACGCCAAGUA","+"
"sp.23456_strand.1_hd.4",23456,"ACTTGGCGTGTTTATTCTAC","GUAGAAUAAACACGCCAAGU","+"
"sp.23457_strand.1_hd.4",23457,"CTTGGCGTGTTTATTCTACA","UGUAGAAUAAACACGCCAAG","+"
"sp.23458_strand.1_hd.4",23458,"TTGGCGTGTTTATTCTACAG","CUGUAGAAUAAACACGCCAA","+"
"sp.23459_strand.1_hd.4",23459,"TGGCGTGTTTATTCTACAGG","CCUGUAGAAUAAACACGCCA","+"
"sp.23460_strand.1_hd.4",23460,"GGCGTGTTTATTCTACAGGT","ACCUGUAGAAUAAACACGCC","+"
"sp.23461_strand.1_hd.4",23461,"GCGTGTTTATTCTACAGGTT","AACCUGUAGAAUAAACACGC","+"
"sp.23462_strand.1_hd.4",23462,"CGTGTTTATTCTACAGGTTC","GAACCUGUAGAAUAAACACG","+"
"sp.23464_strand.1_hd.4",23464,"TGTTTATTCTACAGGTTCTA","UAGAACCUGUAGAAUAAACA","+"
"sp.23465_strand.1_hd.4",23465,"GTTTATTCTACAGGTTCTAA","UUAGAACCUGUAGAAUAAAC","+"
"sp.23565_strand.1_hd.4",23565,"CAGGTATATGCGCTAGTTAT","AUAACUAGCGCAUAUACCUG","+"
"sp.23566_strand.1_hd.4",23566,"AGGTATATGCGCTAGTTATC","GAUAACUAGCGCAUAUACCU","+"
"sp.23567_strand.1_hd.4",23567,"GGTATATGCGCTAGTTATCA","UGAUAACUAGCGCAUAUACC","+"
"sp.23568_strand.1_hd.4",23568,"GTATATGCGCTAGTTATCAG","CUGAUAACUAGCGCAUAUAC","+"
"sp.23569_strand.1_hd.4",23569,"TATATGCGCTAGTTATCAGA","UCUGAUAACUAGCGCAUAUA","+"
"sp.23612_strand.1_hd.4",23612,"GCACGTAGTGTAGCTAGTCA","UGACUAGCUACACUACGUGC","+"
"sp.23613_strand.1_hd.4",23613,"CACGTAGTGTAGCTAGTCAA","UUGACUAGCUACACUACGUG","+"
"sp.23614_strand.1_hd.4",23614,"ACGTAGTGTAGCTAGTCAAT","AUUGACUAGCUACACUACGU","+"
"sp.23615_strand.1_hd.4",23615,"CGTAGTGTAGCTAGTCAATC","GAUUGACUAGCUACACUACG","+"
"sp.23616_strand.1_hd.4",23616,"GTAGTGTAGCTAGTCAATCC","GGAUUGACUAGCUACACUAC","+"
"sp.23618_strand.1_hd.4",23618,"AGTGTAGCTAGTCAATCCAT","AUGGAUUGACUAGCUACACU","+"
"sp.23619_strand.1_hd.4",23619,"GTGTAGCTAGTCAATCCATC","GAUGGAUUGACUAGCUACAC","+"
"sp.23620_strand.1_hd.4",23620,"TGTAGCTAGTCAATCCATCA","UGAUGGAUUGACUAGCUACA","+"
"sp.23621_strand.1_hd.4",23621,"GTAGCTAGTCAATCCATCAT","AUGAUGGAUUGACUAGCUAC","+"
"sp.23803_strand.1_hd.4",23803,"TGAATGCAGCAATCTTTTGT","ACAAAAGAUUGCUGCAUUCA","+"
"sp.23804_strand.1_hd.4",23804,"GAATGCAGCAATCTTTTGTT","AACAAAAGAUUGCUGCAUUC","+"
"sp.23832_strand.1_hd.4",23832,"GCAGTTTTTGTACACAATTA","UAAUUGUGUACAAAAACUGC","+"
"sp.23833_strand.1_hd.4",23833,"CAGTTTTTGTACACAATTAA","UUAAUUGUGUACAAAAACUG","+"
"sp.24087_strand.1_hd.4",24087,"GTGATATTGCTGCTAGAGAC","GUCUCUAGCAGCAAUAUCAC","+"
"sp.24111_strand.1_hd.4",24111,"TTTGTGCACAAAAGTTTAAC","GUUAAACUUUUGUGCACAAA","+"
"sp.24122_strand.1_hd.4",24122,"AAGTTTAACGGCCTTACTGT","ACAGUAAGGCCGUUAAACUU","+"
"sp.24123_strand.1_hd.4",24123,"AGTTTAACGGCCTTACTGTT","AACAGUAAGGCCGUUAAACU","+"
"sp.24124_strand.1_hd.4",24124,"GTTTAACGGCCTTACTGTTT","AAACAGUAAGGCCGUUAAAC","+"
"sp.24125_strand.1_hd.4",24125,"TTTAACGGCCTTACTGTTTT","AAAACAGUAAGGCCGUUAAA","+"
"sp.24126_strand.1_hd.4",24126,"TTAACGGCCTTACTGTTTTG","CAAAACAGUAAGGCCGUUAA","+"
"sp.24180_strand.1_hd.4",24180,"ACACTTCTGCACTGTTAGCG","CGCUAACAGUGCAGAAGUGU","+"
"sp.24181_strand.1_hd.4",24181,"CACTTCTGCACTGTTAGCGG","CCGCUAACAGUGCAGAAGUG","+"
"sp.24184_strand.1_hd.4",24184,"TTCTGCACTGTTAGCGGGTA","UACCCGCUAACAGUGCAGAA","+"
"sp.24838_strand.1_hd.4",24838,"AGGTGTCTTTGTTTCAAATG","CAUUUGAAACAAAGACACCU","+"
"sp.24839_strand.1_hd.4",24839,"GGTGTCTTTGTTTCAAATGG","CCAUUUGAAACAAAGACACC","+"
"sp.24840_strand.1_hd.4",24840,"GTGTCTTTGTTTCAAATGGC","GCCAUUUGAAACAAAGACAC","+"
"sp.24841_strand.1_hd.4",24841,"TGTCTTTGTTTCAAATGGCA","UGCCAUUUGAAACAAAGACA","+"
"sp.25046_strand.1_hd.4",25046,"CCAGATGTTGATTTAGGTGA","UCACCUAAAUCAACAUCUGG","+"
"sp.25047_strand.1_hd.4",25047,"CAGATGTTGATTTAGGTGAC","GUCACCUAAAUCAACAUCUG","+"
"sp.25048_strand.1_hd.4",25048,"AGATGTTGATTTAGGTGACA","UGUCACCUAAAUCAACAUCU","+"
"sp.25077_strand.1_hd.4",25077,"TTAATGCTTCAGTTGTAAAC","GUUUACAACUGAAGCAUUAA","+"
"sp.25131_strand.1_hd.4",25131,"CCAAGAATTTAAATGAATCT","AGAUUCAUUUAAAUUCUUGG","+"
"sp.25240_strand.1_hd.4",25240,"CATAGTAATGGTGACAATTA","UAAUUGUCACCAUUACUAUG","+"
"sp.25406_strand.1_hd.4",25406,"TGAGAATCTTCACAATTGGA","UCCAAUUGUGAAGAUUCUCA","+"
"sp.25408_strand.1_hd.4",25408,"AGAATCTTCACAATTGGAAC","GUUCCAAUUGUGAAGAUUCU","+"
"sp.25434_strand.1_hd.4",25434,"TTTGAAGCAAGGTGAAATCA","UGAUUUCACCUUGCUUCAAA","+"
"sp.25435_strand.1_hd.4",25435,"TTGAAGCAAGGTGAAATCAA","UUGAUUUCACCUUGCUUCAA","+"
"sp.25615_strand.1_hd.4",25615,"AAGGGTGTTCACTTTGTTTG","CAAACAAAGUGAACACCCUU","+"
"sp.25692_strand.1_hd.4",25692,"CCTTGAAGCCCCTTTTCTCT","AGAGAAAAGGGGCUUCAAGG","+"
"sp.25694_strand.1_hd.4",25694,"TTGAAGCCCCTTTTCTCTAT","AUAGAGAAAAGGGGCUUCAA","+"
"sp.25695_strand.1_hd.4",25695,"TGAAGCCCCTTTTCTCTATC","GAUAGAGAAAAGGGGCUUCA","+"
"sp.25696_strand.1_hd.4",25696,"GAAGCCCCTTTTCTCTATCT","AGAUAGAGAAAAGGGGCUUC","+"
"sp.25697_strand.1_hd.4",25697,"AAGCCCCTTTTCTCTATCTT","AAGAUAGAGAAAAGGGGCUU","+"
"sp.25698_strand.1_hd.4",25698,"AGCCCCTTTTCTCTATCTTT","AAAGAUAGAGAAAAGGGGCU","+"
"sp.25699_strand.1_hd.4",25699,"GCCCCTTTTCTCTATCTTTA","UAAAGAUAGAGAAAAGGGGC","+"
"sp.25706_strand.1_hd.4",25706,"TTCTCTATCTTTATGCTTTA","UAAAGCAUAAAGAUAGAGAA","+"
"sp.25708_strand.1_hd.4",25708,"CTCTATCTTTATGCTTTAGT","ACUAAAGCAUAAAGAUAGAG","+"
"sp.25709_strand.1_hd.4",25709,"TCTATCTTTATGCTTTAGTC","GACUAAAGCAUAAAGAUAGA","+"
"sp.25711_strand.1_hd.4",25711,"TATCTTTATGCTTTAGTCTA","UAGACUAAAGCAUAAAGAUA","+"
"sp.25712_strand.1_hd.4",25712,"ATCTTTATGCTTTAGTCTAC","GUAGACUAAAGCAUAAAGAU","+"
"sp.25713_strand.1_hd.4",25713,"TCTTTATGCTTTAGTCTACT","AGUAGACUAAAGCAUAAAGA","+"
"sp.25714_strand.1_hd.4",25714,"CTTTATGCTTTAGTCTACTT","AAGUAGACUAAAGCAUAAAG","+"
"sp.25715_strand.1_hd.4",25715,"TTTATGCTTTAGTCTACTTC","GAAGUAGACUAAAGCAUAAA","+"
"sp.25716_strand.1_hd.4",25716,"TTATGCTTTAGTCTACTTCT","AGAAGUAGACUAAAGCAUAA","+"
"sp.26676_strand.1_hd.4",26676,"ATTTTCCTCTGGCTGTTATG","CAUAACAGCCAGAGGAAAAU","+"
"sp.26689_strand.1_hd.4",26689,"TGTTATGGCCAGTAACTTTA","UAAAGUUACUGGCCAUAACA","+"
"sp.26690_strand.1_hd.4",26690,"GTTATGGCCAGTAACTTTAG","CUAAAGUUACUGGCCAUAAC","+"
"sp.26737_strand.1_hd.4",26737,"GAATAAATTGGATCACCGGT","ACCGGUGAUCCAAUUUAUUC","+"
"sp.26738_strand.1_hd.4",26738,"AATAAATTGGATCACCGGTG","CACCGGUGAUCCAAUUUAUU","+"
"sp.26740_strand.1_hd.4",26740,"TAAATTGGATCACCGGTGGA","UCCACCGGUGAUCCAAUUUA","+"
"sp.26741_strand.1_hd.4",26741,"AAATTGGATCACCGGTGGAA","UUCCACCGGUGAUCCAAUUU","+"
"sp.26742_strand.1_hd.4",26742,"AATTGGATCACCGGTGGAAT","AUUCCACCGGUGAUCCAAUU","+"
"sp.26743_strand.1_hd.4",26743,"ATTGGATCACCGGTGGAATT","AAUUCCACCGGUGAUCCAAU","+"
"sp.27689_strand.1_hd.4",27689,"CAATTTTTCTTATTGTTGCG","CGCAACAAUAAGAAAAAUUG","+"
"sp.27691_strand.1_hd.4",27691,"ATTTTTCTTATTGTTGCGGC","GCCGCAACAAUAAGAAAAAU","+"
"sp.27692_strand.1_hd.4",27692,"TTTTTCTTATTGTTGCGGCA","UGCCGCAACAAUAAGAAAAA","+"
"sp.27693_strand.1_hd.4",27693,"TTTTCTTATTGTTGCGGCAA","UUGCCGCAACAAUAAGAAAA","+"
"sp.27700_strand.1_hd.4",27700,"ATTGTTGCGGCAATAGTGTT","AACACUAUUGCCGCAACAAU","+"
"sp.27701_strand.1_hd.4",27701,"TTGTTGCGGCAATAGTGTTT","AAACACUAUUGCCGCAACAA","+"
"sp.27702_strand.1_hd.4",27702,"TGTTGCGGCAATAGTGTTTA","UAAACACUAUUGCCGCAACA","+"
"sp.27703_strand.1_hd.4",27703,"GTTGCGGCAATAGTGTTTAT","AUAAACACUAUUGCCGCAAC","+"
"sp.27911_strand.1_hd.4",27911,"CTTAGGAATCATCACAACTG","CAGUUGUGAUGAUUCCUAAG","+"
"sp.27913_strand.1_hd.4",27913,"TAGGAATCATCACAACTGTA","UACAGUUGUGAUGAUUCCUA","+"
"sp.27914_strand.1_hd.4",27914,"AGGAATCATCACAACTGTAG","CUACAGUUGUGAUGAUUCCU","+"
"sp.28368_strand.1_hd.4",28368,"GCAGTGGGGCGCGATCAAAA","UUUUGAUCGCGCCCCACUGC","+"
"sp.28370_strand.1_hd.4",28370,"AGTGGGGCGCGATCAAAACA","UGUUUUGAUCGCGCCCCACU","+"
"sp.28371_strand.1_hd.4",28371,"GTGGGGCGCGATCAAAACAA","UUGUUUUGAUCGCGCCCCAC","+"
"sp.28480_strand.1_hd.4",28480,"ACAAGGCGTTCCAATTAACA","UGUUAAUUGGAACGCCUUGU","+"
"sp.29072_strand.1_hd.4",29072,"GCATACAATGTAACACAAGC","GCUUGUGUUACAUUGUAUGC","+"
"sp.29270_strand.1_hd.4",29270,"TACACAGGTGCCATCAAATT","AAUUUGAUGGCACCUGUGUA","+"
"sp.601_strand.0_hd.4",601,"GGTAAGCCACTGGTATTTCG","CGAAAUACCAGUGGCUUACC","-"
"sp.602_strand.0_hd.4",602,"CGGTAAGCCACTGGTATTTC","GAAAUACCAGUGGCUUACCG","-"
"sp.924_strand.0_hd.4",924,"CCTCTTAGTGTCAATAAAGT","ACUUUAUUGACACUAAGAGG","-"
"sp.1076_strand.0_hd.4",1076,"AAGGGAAATACAAAATTTGG","CCAAAUUUUGUAUUUCCCUU","-"
"sp.1077_strand.0_hd.4",1077,"TAAGGGAAATACAAAATTTG","CAAAUUUUGUAUUUCCCUUA","-"
"sp.1083_strand.0_hd.4",1083,"GGAATTTAAGGGAAATACAA","UUGUAUUUCCCUUAAAUUCC","-"
"sp.1084_strand.0_hd.4",1084,"TGGAATTTAAGGGAAATACA","UGUAUUUCCCUUAAAUUCCA","-"
"sp.1089_strand.0_hd.4",1089,"GATTATGGAATTTAAGGGAA","UUCCCUUAAAUUCCAUAAUC","-"
"sp.1090_strand.0_hd.4",1090,"TGATTATGGAATTTAAGGGA","UCCCUUAAAUUCCAUAAUCA","-"
"sp.1375_strand.0_hd.4",1375,"CTGAATTGTGACATGCTGGA","UCCAGCAUGUCACAAUUCAG","-"
"sp.1376_strand.0_hd.4",1376,"TCTGAATTGTGACATGCTGG","CCAGCAUGUCACAAUUCAGA","-"
"sp.1377_strand.0_hd.4",1377,"TTCTGAATTGTGACATGCTG","CAGCAUGUCACAAUUCAGAA","-"
"sp.1379_strand.0_hd.4",1379,"ACTTCTGAATTGTGACATGC","GCAUGUCACAAUUCAGAAGU","-"
"sp.1380_strand.0_hd.4",1380,"TACTTCTGAATTGTGACATG","CAUGUCACAAUUCAGAAGUA","-"
"sp.1383_strand.0_hd.4",1383,"TCCTACTTCTGAATTGTGAC","GUCACAAUUCAGAAGUAGGA","-"
"sp.1384_strand.0_hd.4",1384,"GTCCTACTTCTGAATTGTGA","UCACAAUUCAGAAGUAGGAC","-"
"sp.1385_strand.0_hd.4",1385,"GGTCCTACTTCTGAATTGTG","CACAAUUCAGAAGUAGGACC","-"
"sp.1386_strand.0_hd.4",1386,"AGGTCCTACTTCTGAATTGT","ACAAUUCAGAAGUAGGACCU","-"
"sp.1387_strand.0_hd.4",1387,"CAGGTCCTACTTCTGAATTG","CAAUUCAGAAGUAGGACCUG","-"
"sp.1412_strand.0_hd.4",1412,"TTATGGTATTCGGCAAGACT","AGUCUUGCCGAAUACCAUAA","-"
"sp.1413_strand.0_hd.4",1413,"ATTATGGTATTCGGCAAGAC","GUCUUGCCGAAUACCAUAAU","-"
"sp.1414_strand.0_hd.4",1414,"CATTATGGTATTCGGCAAGA","UCUUGCCGAAUACCAUAAUG","-"
"sp.1415_strand.0_hd.4",1415,"TCATTATGGTATTCGGCAAG","CUUGCCGAAUACCAUAAUGA","-"
"sp.1416_strand.0_hd.4",1416,"TTCATTATGGTATTCGGCAA","UUGCCGAAUACCAUAAUGAA","-"
"sp.1417_strand.0_hd.4",1417,"ATTCATTATGGTATTCGGCA","UGCCGAAUACCAUAAUGAAU","-"
"sp.1418_strand.0_hd.4",1418,"GATTCATTATGGTATTCGGC","GCCGAAUACCAUAAUGAAUC","-"
"sp.1419_strand.0_hd.4",1419,"AGATTCATTATGGTATTCGG","CCGAAUACCAUAAUGAAUCU","-"
"sp.1420_strand.0_hd.4",1420,"CAGATTCATTATGGTATTCG","CGAAUACCAUAAUGAAUCUG","-"
"sp.1929_strand.0_hd.4",1929,"AACACGCACAGAATTTTGAG","CUCAAAAUUCUGUGCGUGUU","-"
"sp.1931_strand.0_hd.4",1931,"AAAACACGCACAGAATTTTG","CAAAAUUCUGUGCGUGUUUU","-"
"sp.2102_strand.0_hd.4",2102,"GTGCCAAAGATGTTAGTTAG","CUAACUAACAUCUUUGGCAC","-"
"sp.2124_strand.0_hd.4",2124,"GGGTTTGAGTTTTTCATAAA","UUUAUGAAAAACUCAAACCC","-"
"sp.2125_strand.0_hd.4",2125,"CGGGTTTGAGTTTTTCATAA","UUAUGAAAAACUCAAACCCG","-"
"sp.2127_strand.0_hd.4",2127,"GACGGGTTTGAGTTTTTCAT","AUGAAAAACUCAAACCCGUC","-"
"sp.2128_strand.0_hd.4",2128,"GGACGGGTTTGAGTTTTTCA","UGAAAAACUCAAACCCGUCC","-"
"sp.2129_strand.0_hd.4",2129,"AGGACGGGTTTGAGTTTTTC","GAAAAACUCAAACCCGUCCU","-"
"sp.2130_strand.0_hd.4",2130,"AAGGACGGGTTTGAGTTTTT","AAAAACUCAAACCCGUCCUU","-"
"sp.2131_strand.0_hd.4",2131,"CAAGGACGGGTTTGAGTTTT","AAAACUCAAACCCGUCCUUG","-"
"sp.2451_strand.0_hd.4",2451,"GGCTTTTAGAGGCATGAGTA","UACUCAUGCCUCUAAAAGCC","-"
"sp.2452_strand.0_hd.4",2452,"GGGCTTTTAGAGGCATGAGT","ACUCAUGCCUCUAAAAGCCC","-"
"sp.2455_strand.0_hd.4",2455,"TTGGGGCTTTTAGAGGCATG","CAUGCCUCUAAAAGCCCCAA","-"
"sp.2456_strand.0_hd.4",2456,"TTTGGGGCTTTTAGAGGCAT","AUGCCUCUAAAAGCCCCAAA","-"
"sp.2626_strand.0_hd.4",2626,"TGATTTCGAGCAACATAAGC","GCUUAUGUUGCUCGAAAUCA","-"
"sp.2627_strand.0_hd.4",2627,"TTGATTTCGAGCAACATAAG","CUUAUGUUGCUCGAAAUCAA","-"
"sp.2629_strand.0_hd.4",2629,"CTTTGATTTCGAGCAACATA","UAUGUUGCUCGAAAUCAAAG","-"
"sp.2865_strand.0_hd.4",2865,"ACAGGCGAACTCATTTACTT","AAGUAAAUGAGUUCGCCUGU","-"
"sp.3234_strand.0_hd.4",3234,"GTCCTCACTGCCGTCTTGTT","AACAAGACGGCAGUGAGGAC","-"
"sp.3237_strand.0_hd.4",3237,"ATTGTCCTCACTGCCGTCTT","AAGACGGCAGUGAGGACAAU","-"
"sp.3248_strand.0_hd.4",3248,"GTAGTTGTCTGATTGTCCTC","GAGGACAAUCAGACAACUAC","-"
"sp.3249_strand.0_hd.4",3249,"AGTAGTTGTCTGATTGTCCT","AGGACAAUCAGACAACUACU","-"
"sp.3250_strand.0_hd.4",3250,"TAGTAGTTGTCTGATTGTCC","GGACAAUCAGACAACUACUA","-"
"sp.3251_strand.0_hd.4",3251,"ATAGTAGTTGTCTGATTGTC","GACAAUCAGACAACUACUAU","-"
"sp.3252_strand.0_hd.4",3252,"AATAGTAGTTGTCTGATTGT","ACAAUCAGACAACUACUAUU","-"
"sp.3253_strand.0_hd.4",3253,"GAATAGTAGTTGTCTGATTG","CAAUCAGACAACUACUAUUC","-"
"sp.3259_strand.0_hd.4",3259,"TTGTTTGAATAGTAGTTGTC","GACAACUACUAUUCAAACAA","-"
"sp.3264_strand.0_hd.4",3264,"AACAATTGTTTGAATAGTAG","CUACUAUUCAAACAAUUGUU","-"
"sp.3265_strand.0_hd.4",3265,"CAACAATTGTTTGAATAGTA","UACUAUUCAAACAAUUGUUG","-"
"sp.3266_strand.0_hd.4",3266,"TCAACAATTGTTTGAATAGT","ACUAUUCAAACAAUUGUUGA","-"
"sp.3477_strand.0_hd.4",3477,"CTTATTTAAGGCTCCTGCAA","UUGCAGGAGCCUUAAAUAAG","-"
"sp.3511_strand.0_hd.4",3511,"CATCAGATTCAACTTGCATG","CAUGCAAGUUGAAUCUGAUG","-"
"sp.3512_strand.0_hd.4",3512,"TCATCAGATTCAACTTGCAT","AUGCAAGUUGAAUCUGAUGA","-"
"sp.3524_strand.0_hd.4",3524,"GTAGCTATGTAATCATCAGA","UCUGAUGAUUACAUAGCUAC","-"
"sp.3528_strand.0_hd.4",3528,"ATTAGTAGCTATGTAATCAT","AUGAUUACAUAGCUACUAAU","-"
"sp.3529_strand.0_hd.4",3529,"CATTAGTAGCTATGTAATCA","UGAUUACAUAGCUACUAAUG","-"
"sp.3532_strand.0_hd.4",3532,"GTCCATTAGTAGCTATGTAA","UUACAUAGCUACUAAUGGAC","-"
"sp.3533_strand.0_hd.4",3533,"GGTCCATTAGTAGCTATGTA","UACAUAGCUACUAAUGGACC","-"
"sp.3534_strand.0_hd.4",3534,"TGGTCCATTAGTAGCTATGT","ACAUAGCUACUAAUGGACCA","-"
"sp.3536_strand.0_hd.4",3536,"AGTGGTCCATTAGTAGCTAT","AUAGCUACUAAUGGACCACU","-"
"sp.3537_strand.0_hd.4",3537,"AAGTGGTCCATTAGTAGCTA","UAGCUACUAAUGGACCACUU","-"
"sp.3576_strand.0_hd.4",3576,"AAGATTGTGTCCGCTTAAAA","UUUUAAGCGGACACAAUCUU","-"
"sp.3577_strand.0_hd.4",3577,"CAAGATTGTGTCCGCTTAAA","UUUAAGCGGACACAAUCUUG","-"
"sp.3619_strand.0_hd.4",3619,"CTTTGTTAACATTTGGGCCG","CGGCCCAAAUGUUAACAAAG","-"
"sp.3629_strand.0_hd.4",3629,"ATGTCTTCACCTTTGTTAAC","GUUAACAAAGGUGAAGACAU","-"
"sp.3631_strand.0_hd.4",3631,"GAATGTCTTCACCTTTGTTA","UAACAAAGGUGAAGACAUUC","-"
"sp.3686_strand.0_hd.4",3686,"GGTGCAAGTAGAACTTCGTG","CACGAAGUUCUACUUGCACC","-"
"sp.3688_strand.0_hd.4",3688,"ATGGTGCAAGTAGAACTTCG","CGAAGUUCUACUUGCACCAU","-"
"sp.3689_strand.0_hd.4",3689,"AATGGTGCAAGTAGAACTTC","GAAGUUCUACUUGCACCAUU","-"
"sp.3691_strand.0_hd.4",3691,"ATAATGGTGCAAGTAGAACT","AGUUCUACUUGCACCAUUAU","-"
"sp.3692_strand.0_hd.4",3692,"AATAATGGTGCAAGTAGAAC","GUUCUACUUGCACCAUUAUU","-"
"sp.3693_strand.0_hd.4",3693,"TAATAATGGTGCAAGTAGAA","UUCUACUUGCACCAUUAUUA","-"
"sp.3694_strand.0_hd.4",3694,"ATAATAATGGTGCAAGTAGA","UCUACUUGCACCAUUAUUAU","-"
"sp.3695_strand.0_hd.4",3695,"GATAATAATGGTGCAAGTAG","CUACUUGCACCAUUAUUAUC","-"
"sp.3857_strand.0_hd.4",3857,"GCGATCTTTTGTTCAACTTG","CAAGUUGAACAAAAGAUCGC","-"
"sp.3858_strand.0_hd.4",3858,"AGCGATCTTTTGTTCAACTT","AAGUUGAACAAAAGAUCGCU","-"
"sp.3860_strand.0_hd.4",3860,"TCAGCGATCTTTTGTTCAAC","GUUGAACAAAAGAUCGCUGA","-"
"sp.3862_strand.0_hd.4",3862,"TCTCAGCGATCTTTTGTTCA","UGAACAAAAGAUCGCUGAGA","-"
"sp.3892_strand.0_hd.4",3892,"TTATAAATGGCTTAACTTCC","GGAAGUUAAGCCAUUUAUAA","-"
"sp.3893_strand.0_hd.4",3893,"GTTATAAATGGCTTAACTTC","GAAGUUAAGCCAUUUAUAAC","-"
"sp.3896_strand.0_hd.4",3896,"TCAGTTATAAATGGCTTAAC","GUUAAGCCAUUUAUAACUGA","-"
"sp.3897_strand.0_hd.4",3897,"TTCAGTTATAAATGGCTTAA","UUAAGCCAUUUAUAACUGAA","-"
"sp.3898_strand.0_hd.4",3898,"TTTCAGTTATAAATGGCTTA","UAAGCCAUUUAUAACUGAAA","-"
"sp.3900_strand.0_hd.4",3900,"ACTTTCAGTTATAAATGGCT","AGCCAUUUAUAACUGAAAGU","-"
"sp.3901_strand.0_hd.4",3901,"TACTTTCAGTTATAAATGGC","GCCAUUUAUAACUGAAAGUA","-"
"sp.3909_strand.0_hd.4",3909,"TGAAGGTTTACTTTCAGTTA","UAACUGAAAGUAAACCUUCA","-"
"sp.3928_strand.0_hd.4",3928,"CTTGTTTTCTCTGTTCAACT","AGUUGAACAGAGAAAACAAG","-"
"sp.3931_strand.0_hd.4",3931,"CATCTTGTTTTCTCTGTTCA","UGAACAGAGAAAACAAGAUG","-"
"sp.4002_strand.0_hd.4",4002,"GTTTTCTGTGAGGAACTTAG","CUAAGUUCCUCACAGAAAAC","-"
"sp.4003_strand.0_hd.4",4003,"AGTTTTCTGTGAGGAACTTA","UAAGUUCCUCACAGAAAACU","-"
"sp.4230_strand.0_hd.4",4230,"AGTGGTTATATAATTGTCTG","CAGACAAUUAUAUAACCACU","-"
"sp.4231_strand.0_hd.4",4231,"AAGTGGTTATATAATTGTCT","AGACAAUUAUAUAACCACUU","-"
"sp.4232_strand.0_hd.4",4232,"TAAGTGGTTATATAATTGTC","GACAAUUAUAUAACCACUUA","-"
"sp.4234_strand.0_hd.4",4234,"GGTAAGTGGTTATATAATTG","CAAUUAUAUAACCACUUACC","-"
"sp.4236_strand.0_hd.4",4236,"CGGGTAAGTGGTTATATAAT","AUUAUAUAACCACUUACCCG","-"
"sp.4237_strand.0_hd.4",4237,"CCGGGTAAGTGGTTATATAA","UUAUAUAACCACUUACCCGG","-"
"sp.4239_strand.0_hd.4",4239,"ACCCGGGTAAGTGGTTATAT","AUAUAACCACUUACCCGGGU","-"
"sp.4273_strand.0_hd.4",4273,"TTGCCTCCTCTACAGTGTAA","UUACACUGUAGAGGAGGCAA","-"
"sp.4275_strand.0_hd.4",4275,"CTTTGCCTCCTCTACAGTGT","ACACUGUAGAGGAGGCAAAG","-"
"sp.4277_strand.0_hd.4",4277,"GTCTTTGCCTCCTCTACAGT","ACUGUAGAGGAGGCAAAGAC","-"
"sp.4280_strand.0_hd.4",4280,"ACTGTCTTTGCCTCCTCTAC","GUAGAGGAGGCAAAGACAGU","-"
"sp.4409_strand.0_hd.4",4409,"AATTTGCGTGTTTCTTCTGC","GCAGAAGAAACACGCAAAUU","-"
"sp.4410_strand.0_hd.4",4410,"TAATTTGCGTGTTTCTTCTG","CAGAAGAAACACGCAAAUUA","-"
"sp.4412_strand.0_hd.4",4412,"ATTAATTTGCGTGTTTCTTC","GAAGAAACACGCAAAUUAAU","-"
"sp.4413_strand.0_hd.4",4413,"CATTAATTTGCGTGTTTCTT","AAGAAACACGCAAAUUAAUG","-"
"sp.4554_strand.0_hd.4",4554,"GTTGATAAGTGACGCTACAG","CUGUAGCGUCACUUAUCAAC","-"
"sp.4555_strand.0_hd.4",4555,"TGTTGATAAGTGACGCTACA","UGUAGCGUCACUUAUCAACA","-"
"sp.4556_strand.0_hd.4",4556,"GTGTTGATAAGTGACGCTAC","GUAGCGUCACUUAUCAACAC","-"
"sp.4557_strand.0_hd.4",4557,"TGTGTTGATAAGTGACGCTA","UAGCGUCACUUAUCAACACA","-"
"sp.4558_strand.0_hd.4",4558,"GTGTGTTGATAAGTGACGCT","AGCGUCACUUAUCAACACAC","-"
"sp.4559_strand.0_hd.4",4559,"AGTGTGTTGATAAGTGACGC","GCGUCACUUAUCAACACACU","-"
"sp.4560_strand.0_hd.4",4560,"AAGTGTGTTGATAAGTGACG","CGUCACUUAUCAACACACUU","-"
"sp.4561_strand.0_hd.4",4561,"TAAGTGTGTTGATAAGTGAC","GUCACUUAUCAACACACUUA","-"
"sp.4564_strand.0_hd.4",4564,"CGTTAAGTGTGTTGATAAGT","ACUUAUCAACACACUUAACG","-"
"sp.4565_strand.0_hd.4",4565,"TCGTTAAGTGTGTTGATAAG","CUUAUCAACACACUUAACGA","-"
"sp.4566_strand.0_hd.4",4566,"ATCGTTAAGTGTGTTGATAA","UUAUCAACACACUUAACGAU","-"
"sp.4567_strand.0_hd.4",4567,"GATCGTTAAGTGTGTTGATA","UAUCAACACACUUAACGAUC","-"
"sp.4568_strand.0_hd.4",4568,"AGATCGTTAAGTGTGTTGAT","AUCAACACACUUAACGAUCU","-"
"sp.4569_strand.0_hd.4",4569,"TAGATCGTTAAGTGTGTTGA","UCAACACACUUAACGAUCUA","-"
"sp.4575_strand.0_hd.4",4575,"TTCATTTAGATCGTTAAGTG","CACUUAACGAUCUAAAUGAA","-"
"sp.4576_strand.0_hd.4",4576,"TTTCATTTAGATCGTTAAGT","ACUUAACGAUCUAAAUGAAA","-"
"sp.4577_strand.0_hd.4",4577,"GTTTCATTTAGATCGTTAAG","CUUAACGAUCUAAAUGAAAC","-"
"sp.4578_strand.0_hd.4",4578,"AGTTTCATTTAGATCGTTAA","UUAACGAUCUAAAUGAAACU","-"
"sp.4579_strand.0_hd.4",4579,"GAGTTTCATTTAGATCGTTA","UAACGAUCUAAAUGAAACUC","-"
"sp.4880_strand.0_hd.4",4880,"TGGAATGTGGTAGGATTACT","AGUAAUCCUACCACAUUCCA","-"
"sp.4881_strand.0_hd.4",4881,"GTGGAATGTGGTAGGATTAC","GUAAUCCUACCACAUUCCAC","-"
"sp.4882_strand.0_hd.4",4882,"GGTGGAATGTGGTAGGATTA","UAAUCCUACCACAUUCCACC","-"
"sp.4884_strand.0_hd.4",4884,"TAGGTGGAATGTGGTAGGAT","AUCCUACCACAUUCCACCUA","-"
"sp.4885_strand.0_hd.4",4885,"CTAGGTGGAATGTGGTAGGA","UCCUACCACAUUCCACCUAG","-"
"sp.4886_strand.0_hd.4",4886,"TCTAGGTGGAATGTGGTAGG","CCUACCACAUUCCACCUAGA","-"
"sp.4887_strand.0_hd.4",4887,"ATCTAGGTGGAATGTGGTAG","CUACCACAUUCCACCUAGAU","-"
"sp.4888_strand.0_hd.4",4888,"CATCTAGGTGGAATGTGGTA","UACCACAUUCCACCUAGAUG","-"
"sp.4926_strand.0_hd.4",4926,"AAGAAGTGTCTTAAGATTGT","ACAAUCUUAAGACACUUCUU","-"
"sp.4927_strand.0_hd.4",4927,"AAAGAAGTGTCTTAAGATTG","CAAUCUUAAGACACUUCUUU","-"
"sp.5125_strand.0_hd.4",5125,"GAGTGTCATCATTAGGTAAA","UUUACCUAAUGAUGACACUC","-"
"sp.5126_strand.0_hd.4",5126,"AGAGTGTCATCATTAGGTAA","UUACCUAAUGAUGACACUCU","-"
"sp.5325_strand.0_hd.4",5325,"AGGTGGATTAAACTTCAACT","AGUUGAAGUUUAAUCCACCU","-"
"sp.5330_strand.0_hd.4",5330,"AGAGCAGGTGGATTAAACTT","AAGUUUAAUCCACCUGCUCU","-"
"sp.5331_strand.0_hd.4",5331,"TAGAGCAGGTGGATTAAACT","AGUUUAAUCCACCUGCUCUA","-"
"sp.5332_strand.0_hd.4",5332,"GTAGAGCAGGTGGATTAAAC","GUUUAAUCCACCUGCUCUAC","-"
"sp.5333_strand.0_hd.4",5333,"TGTAGAGCAGGTGGATTAAA","UUUAAUCCACCUGCUCUACA","-"
"sp.5334_strand.0_hd.4",5334,"TTGTAGAGCAGGTGGATTAA","UUAAUCCACCUGCUCUACAA","-"
"sp.5335_strand.0_hd.4",5335,"CTTGTAGAGCAGGTGGATTA","UAAUCCACCUGCUCUACAAG","-"
"sp.5336_strand.0_hd.4",5336,"TCTTGTAGAGCAGGTGGATT","AAUCCACCUGCUCUACAAGA","-"
"sp.5337_strand.0_hd.4",5337,"ATCTTGTAGAGCAGGTGGAT","AUCCACCUGCUCUACAAGAU","-"
"sp.5338_strand.0_hd.4",5338,"CATCTTGTAGAGCAGGTGGA","UCCACCUGCUCUACAAGAUG","-"
"sp.5346_strand.0_hd.4",5346,"GTAATAAGCATCTTGTAGAG","CUCUACAAGAUGCUUAUUAC","-"
"sp.5349_strand.0_hd.4",5349,"TCTGTAATAAGCATCTTGTA","UACAAGAUGCUUAUUACAGA","-"
"sp.5350_strand.0_hd.4",5350,"CTCTGTAATAAGCATCTTGT","ACAAGAUGCUUAUUACAGAG","-"
"sp.5449_strand.0_hd.4",5449,"AGTAACTCATTGTTTCTCTA","UAGAGAAACAAUGAGUUACU","-"
"sp.5532_strand.0_hd.4",5532,"AAGGGTTGTCTGCTGTTGTC","GACAACAGCAGACAACCCUU","-"
"sp.5533_strand.0_hd.4",5533,"TAAGGGTTGTCTGCTGTTGT","ACAACAGCAGACAACCCUUA","-"
"sp.5534_strand.0_hd.4",5534,"TTAAGGGTTGTCTGCTGTTG","CAACAGCAGACAACCCUUAA","-"
"sp.5535_strand.0_hd.4",5535,"CTTAAGGGTTGTCTGCTGTT","AACAGCAGACAACCCUUAAG","-"
"sp.5536_strand.0_hd.4",5536,"CCTTAAGGGTTGTCTGCTGT","ACAGCAGACAACCCUUAAGG","-"
"sp.5593_strand.0_hd.4",5593,"CACCTTTCTTAAATTGTTCA","UGAACAAUUUAAGAAAGGUG","-"
"sp.5594_strand.0_hd.4",5594,"ACACCTTTCTTAAATTGTTC","GAACAAUUUAAGAAAGGUGU","-"
"sp.5595_strand.0_hd.4",5595,"AACACCTTTCTTAAATTGTT","AACAAUUUAAGAAAGGUGUU","-"
"sp.5820_strand.0_hd.4",5820,"TTCTGAGGACTTTGTAAGTA","UACUUACAAAGUCCUCAGAA","-"
"sp.5822_strand.0_hd.4",5822,"TATTCTGAGGACTTTGTAAG","CUUACAAAGUCCUCAGAAUA","-"
"sp.5823_strand.0_hd.4",5823,"GTATTCTGAGGACTTTGTAA","UUACAAAGUCCUCAGAAUAC","-"
"sp.5824_strand.0_hd.4",5824,"TGTATTCTGAGGACTTTGTA","UACAAAGUCCUCAGAAUACA","-"
"sp.5827_strand.0_hd.4",5827,"CTTTGTATTCTGAGGACTTT","AAAGUCCUCAGAAUACAAAG","-"
"sp.5867_strand.0_hd.4",5867,"GTGTAACTGTTTTCTTTGTA","UACAAAGAAAACAGUUACAC","-"
"sp.6007_strand.0_hd.4",6007,"GATATGGTTGGTTTGGTACA","UGUACCAAACCAACCAUAUC","-"
"sp.6008_strand.0_hd.4",6008,"GGATATGGTTGGTTTGGTAC","GUACCAAACCAACCAUAUCC","-"
"sp.6009_strand.0_hd.4",6009,"TGGATATGGTTGGTTTGGTA","UACCAAACCAACCAUAUCCA","-"
"sp.6014_strand.0_hd.4",6014,"GCGTTTGGATATGGTTGGTT","AACCAACCAUAUCCAAACGC","-"
"sp.6015_strand.0_hd.4",6015,"TGCGTTTGGATATGGTTGGT","ACCAACCAUAUCCAAACGCA","-"
"sp.6016_strand.0_hd.4",6016,"TTGCGTTTGGATATGGTTGG","CCAACCAUAUCCAAACGCAA","-"
"sp.6017_strand.0_hd.4",6017,"CTTGCGTTTGGATATGGTTG","CAACCAUAUCCAAACGCAAG","-"
"sp.6018_strand.0_hd.4",6018,"GCTTGCGTTTGGATATGGTT","AACCAUAUCCAAACGCAAGC","-"
"sp.6019_strand.0_hd.4",6019,"AGCTTGCGTTTGGATATGGT","ACCAUAUCCAAACGCAAGCU","-"
"sp.6020_strand.0_hd.4",6020,"AAGCTTGCGTTTGGATATGG","CCAUAUCCAAACGCAAGCUU","-"
"sp.6021_strand.0_hd.4",6021,"GAAGCTTGCGTTTGGATATG","CAUAUCCAAACGCAAGCUUC","-"
"sp.6022_strand.0_hd.4",6022,"CGAAGCTTGCGTTTGGATAT","AUAUCCAAACGCAAGCUUCG","-"
"sp.6023_strand.0_hd.4",6023,"TCGAAGCTTGCGTTTGGATA","UAUCCAAACGCAAGCUUCGA","-"
"sp.6024_strand.0_hd.4",6024,"ATCGAAGCTTGCGTTTGGAT","AUCCAAACGCAAGCUUCGAU","-"
"sp.6025_strand.0_hd.4",6025,"TATCGAAGCTTGCGTTTGGA","UCCAAACGCAAGCUUCGAUA","-"
"sp.6026_strand.0_hd.4",6026,"TTATCGAAGCTTGCGTTTGG","CCAAACGCAAGCUUCGAUAA","-"
"sp.6028_strand.0_hd.4",6028,"AATTATCGAAGCTTGCGTTT","AAACGCAAGCUUCGAUAAUU","-"
"sp.6030_strand.0_hd.4",6030,"AAAATTATCGAAGCTTGCGT","ACGCAAGCUUCGAUAAUUUU","-"
"sp.6031_strand.0_hd.4",6031,"TAAAATTATCGAAGCTTGCG","CGCAAGCUUCGAUAAUUUUA","-"
"sp.6123_strand.0_hd.4",6123,"AAATGTAACTTTAAGCTCTC","GAGAGCUUAAAGUUACAUUU","-"
"sp.6125_strand.0_hd.4",6125,"AAAAATGTAACTTTAAGCTC","GAGCUUAAAGUUACAUUUUU","-"
"sp.6126_strand.0_hd.4",6126,"GAAAAATGTAACTTTAAGCT","AGCUUAAAGUUACAUUUUUC","-"
"sp.6127_strand.0_hd.4",6127,"GGAAAAATGTAACTTTAAGC","GCUUAAAGUUACAUUUUUCC","-"
"sp.6128_strand.0_hd.4",6128,"GGGAAAAATGTAACTTTAAG","CUUAAAGUUACAUUUUUCCC","-"
"sp.6249_strand.0_hd.4",6249,"GGCTTTATTAGTTGCATTGT","ACAAUGCAACUAAUAAAGCC","-"
"sp.6250_strand.0_hd.4",6250,"TGGCTTTATTAGTTGCATTG","CAAUGCAACUAAUAAAGCCA","-"
"sp.6251_strand.0_hd.4",6251,"GTGGCTTTATTAGTTGCATT","AAUGCAACUAAUAAAGCCAC","-"
"sp.6252_strand.0_hd.4",6252,"CGTGGCTTTATTAGTTGCAT","AUGCAACUAAUAAAGCCACG","-"
"sp.6253_strand.0_hd.4",6253,"ACGTGGCTTTATTAGTTGCA","UGCAACUAAUAAAGCCACGU","-"
"sp.6254_strand.0_hd.4",6254,"TACGTGGCTTTATTAGTTGC","GCAACUAAUAAAGCCACGUA","-"
"sp.6255_strand.0_hd.4",6255,"ATACGTGGCTTTATTAGTTG","CAACUAAUAAAGCCACGUAU","-"
"sp.6256_strand.0_hd.4",6256,"TATACGTGGCTTTATTAGTT","AACUAAUAAAGCCACGUAUA","-"
"sp.6257_strand.0_hd.4",6257,"TTATACGTGGCTTTATTAGT","ACUAAUAAAGCCACGUAUAA","-"
"sp.6258_strand.0_hd.4",6258,"TTTATACGTGGCTTTATTAG","CUAAUAAAGCCACGUAUAAA","-"
"sp.6259_strand.0_hd.4",6259,"GTTTATACGTGGCTTTATTA","UAAUAAAGCCACGUAUAAAC","-"
"sp.6260_strand.0_hd.4",6260,"GGTTTATACGTGGCTTTATT","AAUAAAGCCACGUAUAAACC","-"
"sp.6261_strand.0_hd.4",6261,"TGGTTTATACGTGGCTTTAT","AUAAAGCCACGUAUAAACCA","-"
"sp.6262_strand.0_hd.4",6262,"TTGGTTTATACGTGGCTTTA","UAAAGCCACGUAUAAACCAA","-"
"sp.6266_strand.0_hd.4",6266,"GTATTTGGTTTATACGTGGC","GCCACGUAUAAACCAAAUAC","-"
"sp.6335_strand.0_hd.4",6335,"GACTTCAGTACATCAAACGA","UCGUUUGAUGUACUGAAGUC","-"
"sp.6494_strand.0_hd.4",6494,"CTATTATTTGCTGGTTTAAG","CUUAAACCAGCAAAUAAUAG","-"
"sp.6499_strand.0_hd.4",6499,"TTAAACTATTATTTGCTGGT","ACCAGCAAAUAAUAGUUUAA","-"
"sp.6501_strand.0_hd.4",6501,"TTTTAAACTATTATTTGCTG","CAGCAAAUAAUAGUUUAAAA","-"
"sp.6934_strand.0_hd.4",6934,"TAATATTTATCAGTTTAGAA","UUCUAAACUGAUAAAUAUUA","-"
"sp.6935_strand.0_hd.4",6935,"ATAATATTTATCAGTTTAGA","UCUAAACUGAUAAAUAUUAU","-"
"sp.6936_strand.0_hd.4",6936,"TATAATATTTATCAGTTTAG","CUAAACUGAUAAAUAUUAUA","-"
"sp.7257_strand.0_hd.4",7257,"AAACCTAGTGAAAAGAATAT","AUAUUCUUUUCACUAGGUUU","-"
"sp.7259_strand.0_hd.4",7259,"AAAAACCTAGTGAAAAGAAT","AUUCUUUUCACUAGGUUUUU","-"
"sp.7716_strand.0_hd.4",7716,"GATGTAAGAAGACTGGTCAG","CUGACCAGUCUUCUUACAUC","-"
"sp.7719_strand.0_hd.4",7719,"AACGATGTAAGAAGACTGGT","ACCAGUCUUCUUACAUCGUU","-"
"sp.7722_strand.0_hd.4",7722,"ATCAACGATGTAAGAAGACT","AGUCUUCUUACAUCGUUGAU","-"
"sp.8077_strand.0_hd.4",8077,"TTTTGAGTTTTTCCATTGGT","ACCAAUGGAAAAACUCAAAA","-"
"sp.8377_strand.0_hd.4",8377,"AAGCAATGTTGTGACTTTTT","AAAAAGUCACAACAUUGCUU","-"
"sp.8382_strand.0_hd.4",8382,"TATCAAAGCAATGTTGTGAC","GUCACAACAUUGCUUUGAUA","-"
"sp.8383_strand.0_hd.4",8383,"ATATCAAAGCAATGTTGTGA","UCACAACAUUGCUUUGAUAU","-"
"sp.8384_strand.0_hd.4",8384,"CATATCAAAGCAATGTTGTG","CACAACAUUGCUUUGAUAUG","-"
"sp.8385_strand.0_hd.4",8385,"CCATATCAAAGCAATGTTGT","ACAACAUUGCUUUGAUAUGG","-"
"sp.8387_strand.0_hd.4",8387,"TTCCATATCAAAGCAATGTT","AACAUUGCUUUGAUAUGGAA","-"
"sp.8460_strand.0_hd.4",8460,"TAAGTTATTCTTTTTAGCAG","CUGCUAAAAAGAAUAACUUA","-"
"sp.8462_strand.0_hd.4",8462,"GGTAAGTTATTCTTTTTAGC","GCUAAAAAGAAUAACUUACC","-"
"sp.8468_strand.0_hd.4",8468,"TTAAAAGGTAAGTTATTCTT","AAGAAUAACUUACCUUUUAA","-"
"sp.8479_strand.0_hd.4",8479,"CACATGTCAACTTAAAAGGT","ACCUUUUAAGUUGACAUGUG","-"
"sp.9096_strand.0_hd.4",9096,"AGGGCGTAAACTTTCATAAG","CUUAUGAAAGUUUACGCCCU","-"
"sp.9204_strand.0_hd.4",9204,"GTGCCTACAGTACTCAGAAT","AUUCUGAGUACUGUAGGCAC","-"
"sp.9681_strand.0_hd.4",9681,"GATATAAGCAATTGTTATCC","GGAUAACAAUUGCUUAUAUC","-"
"sp.9682_strand.0_hd.4",9682,"TGATATAAGCAATTGTTATC","GAUAACAAUUGCUUAUAUCA","-"
"sp.9683_strand.0_hd.4",9683,"ATGATATAAGCAATTGTTAT","AUAACAAUUGCUUAUAUCAU","-"
"sp.9692_strand.0_hd.4",9692,"GAAATACAAATGATATAAGC","GCUUAUAUCAUUUGUAUUUC","-"
"sp.9791_strand.0_hd.4",9791,"GTGCACAGCGCAGCTTCTTC","GAAGAAGCUGCGCUGUGCAC","-"
"sp.9792_strand.0_hd.4",9792,"GGTGCACAGCGCAGCTTCTT","AAGAAGCUGCGCUGUGCACC","-"
"sp.9853_strand.0_hd.4",9853,"GCGTAAGAGGTAATAGCACA","UGUGCUAUUACCUCUUACGC","-"
"sp.9857_strand.0_hd.4",9857,"TATTGCGTAAGAGGTAATAG","CUAUUACCUCUUACGCAAUA","-"
"sp.9858_strand.0_hd.4",9858,"ATATTGCGTAAGAGGTAATA","UAUUACCUCUUACGCAAUAU","-"
"sp.9859_strand.0_hd.4",9859,"TATATTGCGTAAGAGGTAAT","AUUACCUCUUACGCAAUAUA","-"
"sp.9961_strand.0_hd.4",9961,"TGAGAGCCTTTGCGAGATGA","UCAUCUCGCAAAGGCUCUCA","-"
"sp.9963_strand.0_hd.4",9963,"ATTGAGAGCCTTTGCGAGAT","AUCUCGCAAAGGCUCUCAAU","-"
"sp.9964_strand.0_hd.4",9964,"CATTGAGAGCCTTTGCGAGA","UCUCGCAAAGGCUCUCAAUG","-"
"sp.10121_strand.0_hd.4",10121,"CCGTTAAGTGTAGTTGTACC","GGUACAACUACACUUAACGG","-"
"sp.10122_strand.0_hd.4",10122,"ACCGTTAAGTGTAGTTGTAC","GUACAACUACACUUAACGGU","-"
"sp.10326_strand.0_hd.4",10326,"CTTAGGATTGGCTGTATCAA","UUGAUACAGCCAAUCCUAAG","-"
"sp.10591_strand.0_hd.4",10591,"CAAAAGGTCCATAAAAGTTA","UAACUUUUAUGGACCUUUUG","-"
"sp.10980_strand.0_hd.4",10980,"ACCCTTGATTGTTCTTTTCA","UGAAAAGAACAAUCAAGGGU","-"
"sp.10981_strand.0_hd.4",10981,"TACCCTTGATTGTTCTTTTC","GAAAAGAACAAUCAAGGGUA","-"
"sp.11732_strand.0_hd.4",11732,"AGTAGTCCCTGTGAATTCAT","AUGAAUUCACAGGGACUACU","-"
"sp.11746_strand.0_hd.4",11746,"TATTCTTGGGTGGGAGTAGT","ACUACUCCCACCCAAGAAUA","-"
"sp.11747_strand.0_hd.4",11747,"CTATTCTTGGGTGGGAGTAG","CUACUCCCACCCAAGAAUAG","-"
"sp.11810_strand.0_hd.4",11810,"ACTTTGATACAAGGTTTGCC","GGCAAACCUUGUAUCAAAGU","-"
"sp.13101_strand.0_hd.4",13101,"AGCTAGATAATCTTTGTAAG","CUUACAAAGAUUAUCUAGCU","-"
"sp.13102_strand.0_hd.4",13102,"TAGCTAGATAATCTTTGTAA","UUACAAAGAUUAUCUAGCUA","-"
"sp.13608_strand.0_hd.4",13608,"CATCTTCGTCCTTTTCTTGG","CCAAGAAAAGGACGAAGAUG","-"
"sp.13609_strand.0_hd.4",13609,"TCATCTTCGTCCTTTTCTTG","CAAGAAAAGGACGAAGAUGA","-"
"sp.13611_strand.0_hd.4",13611,"TGTCATCTTCGTCCTTTTCT","AGAAAAGGACGAAGAUGACA","-"
"sp.13614_strand.0_hd.4",13614,"AATTGTCATCTTCGTCCTTT","AAAGGACGAAGAUGACAAUU","-"
"sp.13615_strand.0_hd.4",13615,"AAATTGTCATCTTCGTCCTT","AAGGACGAAGAUGACAAUUU","-"
"sp.13616_strand.0_hd.4",13616,"TAAATTGTCATCTTCGTCCT","AGGACGAAGAUGACAAUUUA","-"
"sp.13617_strand.0_hd.4",13617,"TTAAATTGTCATCTTCGTCC","GGACGAAGAUGACAAUUUAA","-"
"sp.13832_strand.0_hd.4",13832,"ACCTTCATCAAAATGCCTTA","UAAGGCAUUUUGAUGAAGGU","-"
"sp.14101_strand.0_hd.4",14101,"GGCGTGGTTTGTATGAAATC","GAUUUCAUACAAACCACGCC","-"
"sp.14102_strand.0_hd.4",14102,"TGGCGTGGTTTGTATGAAAT","AUUUCAUACAAACCACGCCA","-"
"sp.14103_strand.0_hd.4",14103,"CTGGCGTGGTTTGTATGAAA","UUUCAUACAAACCACGCCAG","-"
"sp.14162_strand.0_hd.4",14162,"CAAGGTTAATATAGGCATTA","UAAUGCCUAUAUUAACCUUG","-"
"sp.14163_strand.0_hd.4",14163,"TCAAGGTTAATATAGGCATT","AAUGCCUAUAUUAACCUUGA","-"
"sp.14164_strand.0_hd.4",14164,"GTCAAGGTTAATATAGGCAT","AUGCCUAUAUUAACCUUGAC","-"
"sp.15706_strand.0_hd.4",15706,"GCATCGTCAGAGAGTATCAT","AUGAUACUCUCUGACGAUGC","-"
"sp.15707_strand.0_hd.4",15707,"AGCATCGTCAGAGAGTATCA","UGAUACUCUCUGACGAUGCU","-"
"sp.15708_strand.0_hd.4",15708,"CAGCATCGTCAGAGAGTATC","GAUACUCUCUGACGAUGCUG","-"
"sp.15709_strand.0_hd.4",15709,"ACAGCATCGTCAGAGAGTAT","AUACUCUCUGACGAUGCUGU","-"
"sp.15710_strand.0_hd.4",15710,"AACAGCATCGTCAGAGAGTA","UACUCUCUGACGAUGCUGUU","-"
"sp.15938_strand.0_hd.4",15938,"CCCTAGGATTCTTGATGGAT","AUCCAUCAAGAAUCCUAGGG","-"
"sp.15942_strand.0_hd.4",15942,"CGGCCCCTAGGATTCTTGAT","AUCAAGAAUCCUAGGGGCCG","-"
"sp.17732_strand.0_hd.4",17732,"AGCAGGGTTACGTGTAAGGA","UCCUUACACGUAACCCUGCU","-"
"sp.18049_strand.0_hd.4",18049,"TCTTTAAAGAGTCCTGTTAC","GUAACAGGACUCUUUAAAGA","-"
"sp.18050_strand.0_hd.4",18050,"ATCTTTAAAGAGTCCTGTTA","UAACAGGACUCUUUAAAGAU","-"
"sp.18052_strand.0_hd.4",18052,"CAATCTTTAAAGAGTCCTGT","ACAGGACUCUUUAAAGAUUG","-"
"sp.18055_strand.0_hd.4",18055,"CTACAATCTTTAAAGAGTCC","GGACUCUUUAAAGAUUGUAG","-"
"sp.18263_strand.0_hd.4",18263,"TCTTATAGCTTCTTCGCGGG","CCCGCGAAGAAGCUAUAAGA","-"
"sp.18264_strand.0_hd.4",18264,"GTCTTATAGCTTCTTCGCGG","CCGCGAAGAAGCUAUAAGAC","-"
"sp.18265_strand.0_hd.4",18265,"TGTCTTATAGCTTCTTCGCG","CGCGAAGAAGCUAUAAGACA","-"
"sp.18266_strand.0_hd.4",18266,"ATGTCTTATAGCTTCTTCGC","GCGAAGAAGCUAUAAGACAU","-"
"sp.18267_strand.0_hd.4",18267,"CATGTCTTATAGCTTCTTCG","CGAAGAAGCUAUAAGACAUG","-"
"sp.18269_strand.0_hd.4",18269,"TACATGTCTTATAGCTTCTT","AAGAAGCUAUAAGACAUGUA","-"
"sp.18270_strand.0_hd.4",18270,"GTACATGTCTTATAGCTTCT","AGAAGCUAUAAGACAUGUAC","-"
"sp.18271_strand.0_hd.4",18271,"CGTACATGTCTTATAGCTTC","GAAGCUAUAAGACAUGUACG","-"
"sp.18272_strand.0_hd.4",18272,"ACGTACATGTCTTATAGCTT","AAGCUAUAAGACAUGUACGU","-"
"sp.18275_strand.0_hd.4",18275,"TGCACGTACATGTCTTATAG","CUAUAAGACAUGUACGUGCA","-"
"sp.18459_strand.0_hd.4",18459,"TAAATTGATCTCCAGGCGGT","ACCGCCUGGAGAUCAAUUUA","-"
"sp.18460_strand.0_hd.4",18460,"TTAAATTGATCTCCAGGCGG","CCGCCUGGAGAUCAAUUUAA","-"
"sp.18462_strand.0_hd.4",18462,"GTTTAAATTGATCTCCAGGC","GCCUGGAGAUCAAUUUAAAC","-"
"sp.18468_strand.0_hd.4",18468,"TGAGGTGTTTAAATTGATCT","AGAUCAAUUUAAACACCUCA","-"
"sp.18473_strand.0_hd.4",18473,"TGGTATGAGGTGTTTAAATT","AAUUUAAACACCUCAUACCA","-"
"sp.18474_strand.0_hd.4",18474,"GTGGTATGAGGTGTTTAAAT","AUUUAAACACCUCAUACCAC","-"
"sp.18476_strand.0_hd.4",18476,"AAGTGGTATGAGGTGTTTAA","UUAAACACCUCAUACCACUU","-"
"sp.18477_strand.0_hd.4",18477,"TAAGTGGTATGAGGTGTTTA","UAAACACCUCAUACCACUUA","-"
"sp.18478_strand.0_hd.4",18478,"ATAAGTGGTATGAGGTGTTT","AAACACCUCAUACCACUUAU","-"
"sp.18479_strand.0_hd.4",18479,"CATAAGTGGTATGAGGTGTT","AACACCUCAUACCACUUAUG","-"
"sp.18480_strand.0_hd.4",18480,"ACATAAGTGGTATGAGGTGT","ACACCUCAUACCACUUAUGU","-"
"sp.18482_strand.0_hd.4",18482,"GTACATAAGTGGTATGAGGT","ACCUCAUACCACUUAUGUAC","-"
"sp.18483_strand.0_hd.4",18483,"TGTACATAAGTGGTATGAGG","CCUCAUACCACUUAUGUACA","-"
"sp.18605_strand.0_hd.4",18605,"CATAGATGTCAACTCAAAGC","GCUUUGAGUUGACAUCUAUG","-"
"sp.18608_strand.0_hd.4",18608,"CTTCATAGATGTCAACTCAA","UUGAGUUGACAUCUAUGAAG","-"
"sp.18797_strand.0_hd.4",18797,"CAGATCATGGTTGCTTTGTA","UACAAAGCAACCAUGAUCUG","-"
"sp.18798_strand.0_hd.4",18798,"ACAGATCATGGTTGCTTTGT","ACAAAGCAACCAUGAUCUGU","-"
"sp.18799_strand.0_hd.4",18799,"TACAGATCATGGTTGCTTTG","CAAAGCAACCAUGAUCUGUA","-"
"sp.18800_strand.0_hd.4",18800,"ATACAGATCATGGTTGCTTT","AAAGCAACCAUGAUCUGUAU","-"
"sp.18801_strand.0_hd.4",18801,"AATACAGATCATGGTTGCTT","AAGCAACCAUGAUCUGUAUU","-"
"sp.18803_strand.0_hd.4",18803,"ACAATACAGATCATGGTTGC","GCAACCAUGAUCUGUAUUGU","-"
"sp.18804_strand.0_hd.4",18804,"GACAATACAGATCATGGTTG","CAACCAUGAUCUGUAUUGUC","-"
"sp.18805_strand.0_hd.4",18805,"TGACAATACAGATCATGGTT","AACCAUGAUCUGUAUUGUCA","-"
"sp.18813_strand.0_hd.4",18813,"CATGGACTTGACAATACAGA","UCUGUAUUGUCAAGUCCAUG","-"
"sp.19586_strand.0_hd.4",19586,"AGTGTTCCAGAGGTTATAAG","CUUAUAACCUCUGGAACACU","-"
"sp.19587_strand.0_hd.4",19587,"AAGTGTTCCAGAGGTTATAA","UUAUAACCUCUGGAACACUU","-"
"sp.19589_strand.0_hd.4",19589,"AAAAGTGTTCCAGAGGTTAT","AUAACCUCUGGAACACUUUU","-"
"sp.19590_strand.0_hd.4",19590,"TAAAAGTGTTCCAGAGGTTA","UAACCUCUGGAACACUUUUA","-"
"sp.19943_strand.0_hd.4",19943,"CGTTTCAGTTGGTTTCTTGG","CCAAGAAACCAACUGAAACG","-"
"sp.19944_strand.0_hd.4",19944,"TCGTTTCAGTTGGTTTCTTG","CAAGAAACCAACUGAAACGA","-"
"sp.19945_strand.0_hd.4",19945,"ATCGTTTCAGTTGGTTTCTT","AAGAAACCAACUGAAACGAU","-"
"sp.19948_strand.0_hd.4",19948,"CAAATCGTTTCAGTTGGTTT","AAACCAACUGAAACGAUUUG","-"
"sp.19949_strand.0_hd.4",19949,"ACAAATCGTTTCAGTTGGTT","AACCAACUGAAACGAUUUGU","-"
"sp.19950_strand.0_hd.4",19950,"CACAAATCGTTTCAGTTGGT","ACCAACUGAAACGAUUUGUG","-"
"sp.19951_strand.0_hd.4",19951,"GCACAAATCGTTTCAGTTGG","CCAACUGAAACGAUUUGUGC","-"
"sp.19952_strand.0_hd.4",19952,"TGCACAAATCGTTTCAGTTG","CAACUGAAACGAUUUGUGCA","-"
"sp.19953_strand.0_hd.4",19953,"GTGCACAAATCGTTTCAGTT","AACUGAAACGAUUUGUGCAC","-"
"sp.20088_strand.0_hd.4",20088,"TAAGACTAGCTTGTTTGGGA","UCCCAAACAAGCUAGUCUUA","-"
"sp.20091_strand.0_hd.4",20091,"CATTAAGACTAGCTTGTTTG","CAAACAAGCUAGUCUUAAUG","-"
"sp.20148_strand.0_hd.4",20148,"CAACTTTCTTATAATAATTG","CAAUUAUUAUAAGAAAGUUG","-"
"sp.20174_strand.0_hd.4",20174,"TTCAGGTAATTGTTGGACAA","UUGUCCAACAAUUACCUGAA","-"
"sp.20175_strand.0_hd.4",20175,"TTTCAGGTAATTGTTGGACA","UGUCCAACAAUUACCUGAAA","-"
"sp.20176_strand.0_hd.4",20176,"GTTTCAGGTAATTGTTGGAC","GUCCAACAAUUACCUGAAAC","-"
"sp.20177_strand.0_hd.4",20177,"AGTTTCAGGTAATTGTTGGA","UCCAACAAUUACCUGAAACU","-"
"sp.20178_strand.0_hd.4",20178,"AAGTTTCAGGTAATTGTTGG","CCAACAAUUACCUGAAACUU","-"
"sp.20215_strand.0_hd.4",20215,"GGTTTAAATTCTTGTAAATT","AAUUUACAAGAAUUUAAACC","-"
"sp.20218_strand.0_hd.4",20218,"CTGGGTTTAAATTCTTGTAA","UUACAAGAAUUUAAACCCAG","-"
"sp.20219_strand.0_hd.4",20219,"CCTGGGTTTAAATTCTTGTA","UACAAGAAUUUAAACCCAGG","-"
"sp.20220_strand.0_hd.4",20220,"TCCTGGGTTTAAATTCTTGT","ACAAGAAUUUAAACCCAGGA","-"
"sp.20532_strand.0_hd.4",20532,"AATCTTGGGATTTTATTATT","AAUAAUAAAAUCCCAAGAUU","-"
"sp.20541_strand.0_hd.4",20541,"CTACAGATAAATCTTGGGAT","AUCCCAAGAUUUAUCUGUAG","-"
"sp.20542_strand.0_hd.4",20542,"ACTACAGATAAATCTTGGGA","UCCCAAGAUUUAUCUGUAGU","-"
"sp.20543_strand.0_hd.4",20543,"AACTACAGATAAATCTTGGG","CCCAAGAUUUAUCUGUAGUU","-"
"sp.20617_strand.0_hd.4",20617,"TCTACATGGCCATCTTTACA","UGUAAAGAUGGCCAUGUAGA","-"
"sp.20618_strand.0_hd.4",20618,"TTCTACATGGCCATCTTTAC","GUAAAGAUGGCCAUGUAGAA","-"
"sp.20619_strand.0_hd.4",20619,"TTTCTACATGGCCATCTTTA","UAAAGAUGGCCAUGUAGAAA","-"
"sp.20621_strand.0_hd.4",20621,"TGTTTCTACATGGCCATCTT","AAGAUGGCCAUGUAGAAACA","-"
"sp.20821_strand.0_hd.4",20821,"ACAGCTAATGTTAATGTGTT","AACACAUUAACAUUAGCUGU","-"
"sp.20822_strand.0_hd.4",20822,"TACAGCTAATGTTAATGTGT","ACACAUUAACAUUAGCUGUA","-"
"sp.20823_strand.0_hd.4",20823,"GTACAGCTAATGTTAATGTG","CACAUUAACAUUAGCUGUAC","-"
"sp.20824_strand.0_hd.4",20824,"GGTACAGCTAATGTTAATGT","ACAUUAACAUUAGCUGUACC","-"
"sp.20825_strand.0_hd.4",20825,"GGGTACAGCTAATGTTAATG","CAUUAACAUUAGCUGUACCC","-"
"sp.20826_strand.0_hd.4",20826,"AGGGTACAGCTAATGTTAAT","AUUAACAUUAGCUGUACCCU","-"
"sp.20827_strand.0_hd.4",20827,"TAGGGTACAGCTAATGTTAA","UUAACAUUAGCUGUACCCUA","-"
"sp.20829_strand.0_hd.4",20829,"TATAGGGTACAGCTAATGTT","AACAUUAGCUGUACCCUAUA","-"
"sp.20934_strand.0_hd.4",20934,"CTGAATCGACAAGCAGCGTA","UACGCUGCUUGUCGAUUCAG","-"
"sp.21297_strand.0_hd.4",21297,"CTATTTGTTCGCGTGGTTTG","CAAACCACGCGAACAAAUAG","-"
"sp.21298_strand.0_hd.4",21298,"TCTATTTGTTCGCGTGGTTT","AAACCACGCGAACAAAUAGA","-"
"sp.21299_strand.0_hd.4",21299,"ATCTATTTGTTCGCGTGGTT","AACCACGCGAACAAAUAGAU","-"
"sp.21300_strand.0_hd.4",21300,"CATCTATTTGTTCGCGTGGT","ACCACGCGAACAAAUAGAUG","-"
"sp.21301_strand.0_hd.4",21301,"CCATCTATTTGTTCGCGTGG","CCACGCGAACAAAUAGAUGG","-"
"sp.21606_strand.0_hd.4",21606,"TCTGGTTGTAAGATTAACAC","GUGUUAAUCUUACAACCAGA","-"
"sp.21607_strand.0_hd.4",21607,"TTCTGGTTGTAAGATTAACA","UGUUAAUCUUACAACCAGAA","-"
"sp.21608_strand.0_hd.4",21608,"GTTCTGGTTGTAAGATTAAC","GUUAAUCUUACAACCAGAAC","-"
"sp.21609_strand.0_hd.4",21609,"AGTTCTGGTTGTAAGATTAA","UUAAUCUUACAACCAGAACU","-"
"sp.21615_strand.0_hd.4",21615,"TAATTGAGTTCTGGTTGTAA","UUACAACCAGAACUCAAUUA","-"
"sp.21616_strand.0_hd.4",21616,"GTAATTGAGTTCTGGTTGTA","UACAACCAGAACUCAAUUAC","-"
"sp.21621_strand.0_hd.4",21621,"AGGGGGTAATTGAGTTCTGG","CCAGAACUCAAUUACCCCCU","-"
"sp.21622_strand.0_hd.4",21622,"CAGGGGGTAATTGAGTTCTG","CAGAACUCAAUUACCCCCUG","-"
"sp.21623_strand.0_hd.4",21623,"GCAGGGGGTAATTGAGTTCT","AGAACUCAAUUACCCCCUGC","-"
"sp.21624_strand.0_hd.4",21624,"TGCAGGGGGTAATTGAGTTC","GAACUCAAUUACCCCCUGCA","-"
"sp.21627_strand.0_hd.4",21627,"GTATGCAGGGGGTAATTGAG","CUCAAUUACCCCCUGCAUAC","-"
"sp.21628_strand.0_hd.4",21628,"TGTATGCAGGGGGTAATTGA","UCAAUUACCCCCUGCAUACA","-"
"sp.21629_strand.0_hd.4",21629,"GTGTATGCAGGGGGTAATTG","CAAUUACCCCCUGCAUACAC","-"
"sp.21630_strand.0_hd.4",21630,"AGTGTATGCAGGGGGTAATT","AAUUACCCCCUGCAUACACU","-"
"sp.21631_strand.0_hd.4",21631,"TAGTGTATGCAGGGGGTAAT","AUUACCCCCUGCAUACACUA","-"
"sp.21632_strand.0_hd.4",21632,"TTAGTGTATGCAGGGGGTAA","UUACCCCCUGCAUACACUAA","-"
"sp.21633_strand.0_hd.4",21633,"ATTAGTGTATGCAGGGGGTA","UACCCCCUGCAUACACUAAU","-"
"sp.21634_strand.0_hd.4",21634,"AATTAGTGTATGCAGGGGGT","ACCCCCUGCAUACACUAAUU","-"
"sp.21635_strand.0_hd.4",21635,"GAATTAGTGTATGCAGGGGG","CCCCCUGCAUACACUAAUUC","-"
"sp.21636_strand.0_hd.4",21636,"AGAATTAGTGTATGCAGGGG","CCCCUGCAUACACUAAUUCU","-"
"sp.21637_strand.0_hd.4",21637,"AAGAATTAGTGTATGCAGGG","CCCUGCAUACACUAAUUCUU","-"
"sp.21641_strand.0_hd.4",21641,"GTGAAAGAATTAGTGTATGC","GCAUACACUAAUUCUUUCAC","-"
"sp.21642_strand.0_hd.4",21642,"TGTGAAAGAATTAGTGTATG","CAUACACUAAUUCUUUCACA","-"
"sp.21644_strand.0_hd.4",21644,"CGTGTGAAAGAATTAGTGTA","UACACUAAUUCUUUCACACG","-"
"sp.21645_strand.0_hd.4",21645,"ACGTGTGAAAGAATTAGTGT","ACACUAAUUCUUUCACACGU","-"
"sp.21702_strand.0_hd.4",21702,"GTCCTGAGTTGAATGTAAAA","UUUUACAUUCAACUCAGGAC","-"
"sp.21703_strand.0_hd.4",21703,"AGTCCTGAGTTGAATGTAAA","UUUACAUUCAACUCAGGACU","-"
"sp.21704_strand.0_hd.4",21704,"AAGTCCTGAGTTGAATGTAA","UUACAUUCAACUCAGGACUU","-"
"sp.21705_strand.0_hd.4",21705,"CAAGTCCTGAGTTGAATGTA","UACAUUCAACUCAGGACUUG","-"
"sp.21710_strand.0_hd.4",21710,"AAGAACAAGTCCTGAGTTGA","UCAACUCAGGACUUGUUCUU","-"
"sp.21713_strand.0_hd.4",21713,"GGTAAGAACAAGTCCTGAGT","ACUCAGGACUUGUUCUUACC","-"
"sp.21714_strand.0_hd.4",21714,"AGGTAAGAACAAGTCCTGAG","CUCAGGACUUGUUCUUACCU","-"
"sp.21715_strand.0_hd.4",21715,"AAGGTAAGAACAAGTCCTGA","UCAGGACUUGUUCUUACCUU","-"
"sp.21801_strand.0_hd.4",21801,"AAATGGTAGGACAGGGTTAT","AUAACCCUGUCCUACCAUUU","-"
"sp.22170_strand.0_hd.4",22170,"AGGCGTGTGCTTAGAATATA","UAUAUUCUAAGCACACGCCU","-"
"sp.22171_strand.0_hd.4",22171,"TAGGCGTGTGCTTAGAATAT","AUAUUCUAAGCACACGCCUA","-"
"sp.22172_strand.0_hd.4",22172,"ATAGGCGTGTGCTTAGAATA","UAUUCUAAGCACACGCCUAU","-"
"sp.22173_strand.0_hd.4",22173,"AATAGGCGTGTGCTTAGAAT","AUUCUAAGCACACGCCUAUU","-"
"sp.22174_strand.0_hd.4",22174,"TAATAGGCGTGTGCTTAGAA","UUCUAAGCACACGCCUAUUA","-"
"sp.22175_strand.0_hd.4",22175,"TTAATAGGCGTGTGCTTAGA","UCUAAGCACACGCCUAUUAA","-"
"sp.22176_strand.0_hd.4",22176,"ATTAATAGGCGTGTGCTTAG","CUAAGCACACGCCUAUUAAU","-"
"sp.22177_strand.0_hd.4",22177,"AATTAATAGGCGTGTGCTTA","UAAGCACACGCCUAUUAAUU","-"
"sp.22178_strand.0_hd.4",22178,"AAATTAATAGGCGTGTGCTT","AAGCACACGCCUAUUAAUUU","-"
"sp.22179_strand.0_hd.4",22179,"TAAATTAATAGGCGTGTGCT","AGCACACGCCUAUUAAUUUA","-"
"sp.22180_strand.0_hd.4",22180,"CTAAATTAATAGGCGTGTGC","GCACACGCCUAUUAAUUUAG","-"
"sp.22584_strand.0_hd.4",22584,"AAATCTGGTGGCGTTAAAAA","UUUUUAACGCCACCAGAUUU","-"
"sp.22585_strand.0_hd.4",22585,"CAAATCTGGTGGCGTTAAAA","UUUUAACGCCACCAGAUUUG","-"
"sp.22586_strand.0_hd.4",22586,"GCAAATCTGGTGGCGTTAAA","UUUAACGCCACCAGAUUUGC","-"
"sp.22589_strand.0_hd.4",22589,"GATGCAAATCTGGTGGCGTT","AACGCCACCAGAUUUGCAUC","-"
"sp.22626_strand.0_hd.4",22626,"ACAGTTGCTGATTCTCTTCC","GGAAGAGAAUCAGCAACUGU","-"
"sp.22657_strand.0_hd.4",22657,"CGGAATTATATAGGACAGAA","UUCUGUCCUAUAUAAUUCCG","-"
"sp.22662_strand.0_hd.4",22662,"TGATGCGGAATTATATAGGA","UCCUAUAUAAUUCCGCAUCA","-"
"sp.22663_strand.0_hd.4",22663,"ATGATGCGGAATTATATAGG","CCUAUAUAAUUCCGCAUCAU","-"
"sp.22664_strand.0_hd.4",22664,"AATGATGCGGAATTATATAG","CUAUAUAAUUCCGCAUCAUU","-"
"sp.22665_strand.0_hd.4",22665,"AAATGATGCGGAATTATATA","UAUAUAAUUCCGCAUCAUUU","-"
"sp.22666_strand.0_hd.4",22666,"AAAATGATGCGGAATTATAT","AUAUAAUUCCGCAUCAUUUU","-"
"sp.22667_strand.0_hd.4",22667,"GAAAATGATGCGGAATTATA","UAUAAUUCCGCAUCAUUUUC","-"
"sp.22668_strand.0_hd.4",22668,"GGAAAATGATGCGGAATTAT","AUAAUUCCGCAUCAUUUUCC","-"
"sp.22670_strand.0_hd.4",22670,"GTGGAAAATGATGCGGAATT","AAUUCCGCAUCAUUUUCCAC","-"
"sp.22671_strand.0_hd.4",22671,"AGTGGAAAATGATGCGGAAT","AUUCCGCAUCAUUUUCCACU","-"
"sp.22672_strand.0_hd.4",22672,"AAGTGGAAAATGATGCGGAA","UUCCGCAUCAUUUUCCACUU","-"
"sp.22675_strand.0_hd.4",22675,"TAAAAGTGGAAAATGATGCG","CGCAUCAUUUUCCACUUUUA","-"
"sp.22778_strand.0_hd.4",22778,"GGAGCGATTTGTCTGACTTC","GAAGUCAGACAAAUCGCUCC","-"
"sp.22779_strand.0_hd.4",22779,"TGGAGCGATTTGTCTGACTT","AAGUCAGACAAAUCGCUCCA","-"
"sp.22780_strand.0_hd.4",22780,"CTGGAGCGATTTGTCTGACT","AGUCAGACAAAUCGCUCCAG","-"
"sp.22781_strand.0_hd.4",22781,"CCTGGAGCGATTTGTCTGAC","GUCAGACAAAUCGCUCCAGG","-"
"sp.22782_strand.0_hd.4",22782,"CCCTGGAGCGATTTGTCTGA","UCAGACAAAUCGCUCCAGGG","-"
"sp.22807_strand.0_hd.4",22807,"TATAATCAGCAATCTTTCCA","UGGAAAGAUUGCUGAUUAUA","-"
"sp.22811_strand.0_hd.4",22811,"TAATTATAATCAGCAATCTT","AAGAUUGCUGAUUAUAAUUA","-"
"sp.22869_strand.0_hd.4",22869,"ATCAAGATTGTTAGAATTCC","GGAAUUCUAACAAUCUUGAU","-"
"sp.22873_strand.0_hd.4",22873,"TAGAATCAAGATTGTTAGAA","UUCUAACAAUCUUGAUUCUA","-"
"sp.22874_strand.0_hd.4",22874,"TTAGAATCAAGATTGTTAGA","UCUAACAAUCUUGAUUCUAA","-"
"sp.22875_strand.0_hd.4",22875,"CTTAGAATCAAGATTGTTAG","CUAACAAUCUUGAUUCUAAG","-"
"sp.22903_strand.0_hd.4",22903,"TATACAGGTAATTATAATTA","UAAUUAUAAUUACCUGUAUA","-"
"sp.22904_strand.0_hd.4",22904,"CTATACAGGTAATTATAATT","AAUUAUAAUUACCUGUAUAG","-"
"sp.22906_strand.0_hd.4",22906,"ATCTATACAGGTAATTATAA","UUAUAAUUACCUGUAUAGAU","-"
"sp.22908_strand.0_hd.4",22908,"CAATCTATACAGGTAATTAT","AUAAUUACCUGUAUAGAUUG","-"
"sp.22909_strand.0_hd.4",22909,"ACAATCTATACAGGTAATTA","UAAUUACCUGUAUAGAUUGU","-"
"sp.22913_strand.0_hd.4",22913,"CTAAACAATCTATACAGGTA","UACCUGUAUAGAUUGUUUAG","-"
"sp.22937_strand.0_hd.4",22937,"TCAAAAGGTTTGAGATTAGA","UCUAAUCUCAAACCUUUUGA","-"
"sp.23020_strand.0_hd.4",23020,"GTAAAGGAAAGTAACAATTA","UAAUUGUUACUUUCCUUUAC","-"
"sp.23030_strand.0_hd.4",23030,"CCATATGATTGTAAAGGAAA","UUUCCUUUACAAUCAUAUGG","-"
"sp.23073_strand.0_hd.4",23073,"TACTCTGTATGGTTGGTAAC","GUUACCAACCAUACAGAGUA","-"
"sp.23074_strand.0_hd.4",23074,"CTACTCTGTATGGTTGGTAA","UUACCAACCAUACAGAGUAG","-"
"sp.23226_strand.0_hd.4",23226,"AGGCAGAAACTTTTTGTTAG","CUAACAAAAAGUUUCUGCCU","-"
"sp.23268_strand.0_hd.4",23268,"AGCATCAGTAGTGTCAGCAA","UUGCUGACACUACUGAUGCU","-"
"sp.23364_strand.0_hd.4",23364,"CTGGTTAGAAGTATTTGTTC","GAACAAAUACUUCUAACCAG","-"
"sp.23365_strand.0_hd.4",23365,"CCTGGTTAGAAGTATTTGTT","AACAAAUACUUCUAACCAGG","-"
"sp.23366_strand.0_hd.4",23366,"ACCTGGTTAGAAGTATTTGT","ACAAAUACUUCUAACCAGGU","-"
"sp.23436_strand.0_hd.4",23436,"AGGAGTAAGTTGATCTGCAT","AUGCAGAUCAACUUACUCCU","-"
"sp.23437_strand.0_hd.4",23437,"TAGGAGTAAGTTGATCTGCA","UGCAGAUCAACUUACUCCUA","-"
"sp.23438_strand.0_hd.4",23438,"GTAGGAGTAAGTTGATCTGC","GCAGAUCAACUUACUCCUAC","-"
"sp.23439_strand.0_hd.4",23439,"AGTAGGAGTAAGTTGATCTG","CAGAUCAACUUACUCCUACU","-"
"sp.23440_strand.0_hd.4",23440,"AAGTAGGAGTAAGTTGATCT","AGAUCAACUUACUCCUACUU","-"
"sp.23441_strand.0_hd.4",23441,"CAAGTAGGAGTAAGTTGATC","GAUCAACUUACUCCUACUUG","-"
"sp.23442_strand.0_hd.4",23442,"CCAAGTAGGAGTAAGTTGAT","AUCAACUUACUCCUACUUGG","-"
"sp.23520_strand.0_hd.4",23520,"TGAGTTGTTGACATGTTCAG","CUGAACAUGUCAACAACUCA","-"
"sp.23522_strand.0_hd.4",23522,"TATGAGTTGTTGACATGTTC","GAACAUGUCAACAACUCAUA","-"
"sp.23523_strand.0_hd.4",23523,"ATATGAGTTGTTGACATGTT","AACAUGUCAACAACUCAUAU","-"
"sp.23583_strand.0_hd.4",23583,"AGAATTAGTCTGAGTCTGAT","AUCAGACUCAGACUAAUUCU","-"
"sp.23585_strand.0_hd.4",23585,"GGAGAATTAGTCTGAGTCTG","CAGACUCAGACUAAUUCUCC","-"
"sp.23586_strand.0_hd.4",23586,"AGGAGAATTAGTCTGAGTCT","AGACUCAGACUAAUUCUCCU","-"
"sp.23587_strand.0_hd.4",23587,"GAGGAGAATTAGTCTGAGTC","GACUCAGACUAAUUCUCCUC","-"
"sp.23588_strand.0_hd.4",23588,"CGAGGAGAATTAGTCTGAGT","ACUCAGACUAAUUCUCCUCG","-"
"sp.23589_strand.0_hd.4",23589,"CCGAGGAGAATTAGTCTGAG","CUCAGACUAAUUCUCCUCGG","-"
"sp.23590_strand.0_hd.4",23590,"GCCGAGGAGAATTAGTCTGA","UCAGACUAAUUCUCCUCGGC","-"
"sp.23591_strand.0_hd.4",23591,"CGCCGAGGAGAATTAGTCTG","CAGACUAAUUCUCCUCGGCG","-"
"sp.23592_strand.0_hd.4",23592,"CCGCCGAGGAGAATTAGTCT","AGACUAAUUCUCCUCGGCGG","-"
"sp.23593_strand.0_hd.4",23593,"CCCGCCGAGGAGAATTAGTC","GACUAAUUCUCCUCGGCGGG","-"
"sp.23621_strand.0_hd.4",23621,"ATGATGGATTGACTAGCTAC","GUAGCUAGUCAAUCCAUCAU","-"
"sp.23628_strand.0_hd.4",23628,"GTAGGCAATGATGGATTGAC","GUCAAUCCAUCAUUGCCUAC","-"
"sp.23629_strand.0_hd.4",23629,"TGTAGGCAATGATGGATTGA","UCAAUCCAUCAUUGCCUACA","-"
"sp.23630_strand.0_hd.4",23630,"GTGTAGGCAATGATGGATTG","CAAUCCAUCAUUGCCUACAC","-"
"sp.23633_strand.0_hd.4",23633,"ATAGTGTAGGCAATGATGGA","UCCAUCAUUGCCUACACUAU","-"
"sp.23635_strand.0_hd.4",23635,"ACATAGTGTAGGCAATGATG","CAUCAUUGCCUACACUAUGU","-"
"sp.23726_strand.0_hd.4",23726,"GGTAGAATTTCTGTGGTAAC","GUUACCACAGAAAUUCUACC","-"
"sp.23728_strand.0_hd.4",23728,"CTGGTAGAATTTCTGTGGTA","UACCACAGAAAUUCUACCAG","-"
"sp.23729_strand.0_hd.4",23729,"ACTGGTAGAATTTCTGTGGT","ACCACAGAAAUUCUACCAGU","-"
"sp.23730_strand.0_hd.4",23730,"CACTGGTAGAATTTCTGTGG","CCACAGAAAUUCUACCAGUG","-"
"sp.23731_strand.0_hd.4",23731,"ACACTGGTAGAATTTCTGTG","CACAGAAAUUCUACCAGUGU","-"
"sp.23733_strand.0_hd.4",23733,"AGACACTGGTAGAATTTCTG","CAGAAAUUCUACCAGUGUCU","-"
"sp.23755_strand.0_hd.4",23755,"AATCTACTGATGTCTTGGTC","GACCAAGACAUCAGUAGAUU","-"
"sp.23756_strand.0_hd.4",23756,"CAATCTACTGATGTCTTGGT","ACCAAGACAUCAGUAGAUUG","-"
"sp.23833_strand.0_hd.4",23833,"TTAATTGTGTACAAAAACTG","CAGUUUUUGUACACAAUUAA","-"
"sp.23837_strand.0_hd.4",23837,"CGGTTTAATTGTGTACAAAA","UUUUGUACACAAUUAAACCG","-"
"sp.23838_strand.0_hd.4",23838,"ACGGTTTAATTGTGTACAAA","UUUGUACACAAUUAAACCGU","-"
"sp.23902_strand.0_hd.4",23902,"GTTTGACTTGTGCAAAAACT","AGUUUUUGCACAAGUCAAAC","-"
"sp.23920_strand.0_hd.4",23920,"GTGGTGTTTTGTAAATTTGT","ACAAAUUUACAAAACACCAC","-"
"sp.24030_strand.0_hd.4",24030,"TGCAAGTGTCACTTTGTTGA","UCAACAAAGUGACACUUGCA","-"
"sp.24031_strand.0_hd.4",24031,"CTGCAAGTGTCACTTTGTTG","CAACAAAGUGACACUUGCAG","-"
"sp.24033_strand.0_hd.4",24033,"ATCTGCAAGTGTCACTTTGT","ACAAAGUGACACUUGCAGAU","-"
"sp.24034_strand.0_hd.4",24034,"CATCTGCAAGTGTCACTTTG","CAAAGUGACACUUGCAGAUG","-"
"sp.24088_strand.0_hd.4",24088,"GGTCTCTAGCAGCAATATCA","UGAUAUUGCUGCUAGAGACC","-"
"sp.24089_strand.0_hd.4",24089,"AGGTCTCTAGCAGCAATATC","GAUAUUGCUGCUAGAGACCU","-"
"sp.24090_strand.0_hd.4",24090,"GAGGTCTCTAGCAGCAATAT","AUAUUGCUGCUAGAGACCUC","-"
"sp.24091_strand.0_hd.4",24091,"TGAGGTCTCTAGCAGCAATA","UAUUGCUGCUAGAGACCUCA","-"
"sp.24092_strand.0_hd.4",24092,"ATGAGGTCTCTAGCAGCAAT","AUUGCUGCUAGAGACCUCAU","-"
"sp.24093_strand.0_hd.4",24093,"AATGAGGTCTCTAGCAGCAA","UUGCUGCUAGAGACCUCAUU","-"
"sp.24094_strand.0_hd.4",24094,"AAATGAGGTCTCTAGCAGCA","UGCUGCUAGAGACCUCAUUU","-"
"sp.24095_strand.0_hd.4",24095,"CAAATGAGGTCTCTAGCAGC","GCUGCUAGAGACCUCAUUUG","-"
"sp.24117_strand.0_hd.4",24117,"AAGGCCGTTAAACTTTTGTG","CACAAAAGUUUAACGGCCUU","-"
"sp.24121_strand.0_hd.4",24121,"CAGTAAGGCCGTTAAACTTT","AAAGUUUAACGGCCUUACUG","-"
"sp.24180_strand.0_hd.4",24180,"CGCTAACAGTGCAGAAGTGT","ACACUUCUGCACUGUUAGCG","-"
"sp.24976_strand.0_hd.4",24976,"ATTCAGGTTGCAAAGGATCA","UGAUCCUUUGCAACCUGAAU","-"
"sp.24977_strand.0_hd.4",24977,"AATTCAGGTTGCAAAGGATC","GAUCCUUUGCAACCUGAAUU","-"
"sp.24978_strand.0_hd.4",24978,"TAATTCAGGTTGCAAAGGAT","AUCCUUUGCAACCUGAAUUA","-"
"sp.24979_strand.0_hd.4",24979,"CTAATTCAGGTTGCAAAGGA","UCCUUUGCAACCUGAAUUAG","-"
"sp.24981_strand.0_hd.4",24981,"GTCTAATTCAGGTTGCAAAG","CUUUGCAACCUGAAUUAGAC","-"
"sp.24982_strand.0_hd.4",24982,"AGTCTAATTCAGGTTGCAAA","UUUGCAACCUGAAUUAGACU","-"
"sp.24983_strand.0_hd.4",24983,"GAGTCTAATTCAGGTTGCAA","UUGCAACCUGAAUUAGACUC","-"
"sp.24984_strand.0_hd.4",24984,"TGAGTCTAATTCAGGTTGCA","UGCAACCUGAAUUAGACUCA","-"
"sp.24985_strand.0_hd.4",24985,"ATGAGTCTAATTCAGGTTGC","GCAACCUGAAUUAGACUCAU","-"
"sp.24987_strand.0_hd.4",24987,"GAATGAGTCTAATTCAGGTT","AACCUGAAUUAGACUCAUUC","-"
"sp.25077_strand.0_hd.4",25077,"GTTTACAACTGAAGCATTAA","UUAAUGCUUCAGUUGUAAAC","-"
"sp.25131_strand.0_hd.4",25131,"AGATTCATTTAAATTCTTGG","CCAAGAAUUUAAAUGAAUCU","-"
"sp.25249_strand.0_hd.4",25249,"AGCAAAGCATAATTGTCACC","GGUGACAAUUAUGCUUUGCU","-"
"sp.25251_strand.0_hd.4",25251,"ACAGCAAAGCATAATTGTCA","UGACAAUUAUGCUUUGCUGU","-"
"sp.25436_strand.0_hd.4",25436,"CTTGATTTCACCTTGCTTCA","UGAAGCAAGGUGAAAUCAAG","-"
"sp.25437_strand.0_hd.4",25437,"CCTTGATTTCACCTTGCTTC","GAAGCAAGGUGAAAUCAAGG","-"
"sp.25438_strand.0_hd.4",25438,"TCCTTGATTTCACCTTGCTT","AAGCAAGGUGAAAUCAAGGA","-"
"sp.25439_strand.0_hd.4",25439,"ATCCTTGATTTCACCTTGCT","AGCAAGGUGAAAUCAAGGAU","-"
"sp.25440_strand.0_hd.4",25440,"CATCCTTGATTTCACCTTGC","GCAAGGUGAAAUCAAGGAUG","-"
"sp.25568_strand.0_hd.4",25568,"GAGGGTTATGATTTTGGAAG","CUUCCAAAAUCAUAACCCUC","-"
"sp.25691_strand.0_hd.4",25691,"GAGAAAAGGGGCTTCAAGGC","GCCUUGAAGCCCCUUUUCUC","-"
"sp.25692_strand.0_hd.4",25692,"AGAGAAAAGGGGCTTCAAGG","CCUUGAAGCCCCUUUUCUCU","-"
"sp.25693_strand.0_hd.4",25693,"TAGAGAAAAGGGGCTTCAAG","CUUGAAGCCCCUUUUCUCUA","-"
"sp.26526_strand.0_hd.4",26526,"ATAGTACCGTTGGAATCTGC","GCAGAUUCCAACGGUACUAU","-"
"sp.26529_strand.0_hd.4",26529,"GTAATAGTACCGTTGGAATC","GAUUCCAACGGUACUAUUAC","-"
"sp.26560_strand.0_hd.4",26560,"TTGTTCAAGGAGCTTTTTAA","UUAAAAAGCUCCUUGAACAA","-"
"sp.26561_strand.0_hd.4",26561,"ATTGTTCAAGGAGCTTTTTA","UAAAAAGCUCCUUGAACAAU","-"
"sp.26596_strand.0_hd.4",26596,"CCATGTAAGGAATAGGAAAC","GUUUCCUAUUCCUUACAUGG","-"
"sp.26923_strand.0_hd.4",26923,"GATTACGAGTTCACTTTCTA","UAGAAAGUGAACUCGUAAUC","-"
"sp.26924_strand.0_hd.4",26924,"CGATTACGAGTTCACTTTCT","AGAAAGUGAACUCGUAAUCG","-"
"sp.27118_strand.0_hd.4",27118,"TTTATAGTTGCCAATCCTGT","ACAGGAUUGGCAACUAUAAA","-"
"sp.27120_strand.0_hd.4",27120,"AATTTATAGTTGCCAATCCT","AGGAUUGGCAACUAUAAAUU","-"
"sp.27403_strand.0_hd.4",27403,"ATCAGTGCCAAGAAAAGAAT","AUUCUUUUCUUGGCACUGAU","-"
"sp.27411_strand.0_hd.4",27411,"CGAGTGTTATCAGTGCCAAG","CUUGGCACUGAUAACACUCG","-"
"sp.27412_strand.0_hd.4",27412,"GCGAGTGTTATCAGTGCCAA","UUGGCACUGAUAACACUCGC","-"
"sp.27413_strand.0_hd.4",27413,"AGCGAGTGTTATCAGTGCCA","UGGCACUGAUAACACUCGCU","-"
"sp.27415_strand.0_hd.4",27415,"GTAGCGAGTGTTATCAGTGC","GCACUGAUAACACUCGCUAC","-"
"sp.27416_strand.0_hd.4",27416,"AGTAGCGAGTGTTATCAGTG","CACUGAUAACACUCGCUACU","-"
"sp.27417_strand.0_hd.4",27417,"AAGTAGCGAGTGTTATCAGT","ACUGAUAACACUCGCUACUU","-"
"sp.27418_strand.0_hd.4",27418,"CAAGTAGCGAGTGTTATCAG","CUGAUAACACUCGCUACUUG","-"
"sp.27683_strand.0_hd.4",27683,"AATAAGAAAAATTGGAGAGT","ACUCUCCAAUUUUUCUUAUU","-"
"sp.27689_strand.0_hd.4",27689,"CGCAACAATAAGAAAAATTG","CAAUUUUUCUUAUUGUUGCG","-"
"sp.27913_strand.0_hd.4",27913,"TACAGTTGTGATGATTCCTA","UAGGAAUCAUCACAACUGUA","-"
"sp.27916_strand.0_hd.4",27916,"AGCTACAGTTGTGATGATTC","GAAUCAUCACAACUGUAGCU","-"
"sp.27918_strand.0_hd.4",27918,"GCAGCTACAGTTGTGATGAT","AUCAUCACAACUGUAGCUGC","-"
"sp.27924_strand.0_hd.4",27924,"TGAAATGCAGCTACAGTTGT","ACAACUGUAGCUGCAUUUCA","-"
"sp.27925_strand.0_hd.4",27925,"GTGAAATGCAGCTACAGTTG","CAACUGUAGCUGCAUUUCAC","-"
"sp.27926_strand.0_hd.4",27926,"GGTGAAATGCAGCTACAGTT","AACUGUAGCUGCAUUUCACC","-"
"sp.27928_strand.0_hd.4",27928,"TTGGTGAAATGCAGCTACAG","CUGUAGCUGCAUUUCACCAA","-"
"sp.28286_strand.0_hd.4",28286,"TTTCGCTGATTTTGGGGTCC","GGACCCCAAAAUCAGCGAAA","-"
"sp.28287_strand.0_hd.4",28287,"ATTTCGCTGATTTTGGGGTC","GACCCCAAAAUCAGCGAAAU","-"
"sp.28288_strand.0_hd.4",28288,"CATTTCGCTGATTTTGGGGT","ACCCCAAAAUCAGCGAAAUG","-"
"sp.28289_strand.0_hd.4",28289,"GCATTTCGCTGATTTTGGGG","CCCCAAAAUCAGCGAAAUGC","-"
"sp.28292_strand.0_hd.4",28292,"GGTGCATTTCGCTGATTTTG","CAAAAUCAGCGAAAUGCACC","-"
"sp.28293_strand.0_hd.4",28293,"GGGTGCATTTCGCTGATTTT","AAAAUCAGCGAAAUGCACCC","-"
"sp.28294_strand.0_hd.4",28294,"GGGGTGCATTTCGCTGATTT","AAAUCAGCGAAAUGCACCCC","-"
"sp.28295_strand.0_hd.4",28295,"CGGGGTGCATTTCGCTGATT","AAUCAGCGAAAUGCACCCCG","-"
"sp.28373_strand.0_hd.4",28373,"CGTTGTTTTGATCGCGCCCC","GGGGCGCGAUCAAAACAACG","-"
"sp.28381_strand.0_hd.4",28381,"GGGGCCGACGTTGTTTTGAT","AUCAAAACAACGUCGGCCCC","-"
"sp.28382_strand.0_hd.4",28382,"TGGGGCCGACGTTGTTTTGA","UCAAAACAACGUCGGCCCCA","-"
"sp.28480_strand.0_hd.4",28480,"TGTTAATTGGAACGCCTTGT","ACAAGGCGUUCCAAUUAACA","-"
"sp.28490_strand.0_hd.4",28490,"CTGCTATTGGTGTTAATTGG","CCAAUUAACACCAAUAGCAG","-"
"sp.28491_strand.0_hd.4",28491,"ACTGCTATTGGTGTTAATTG","CAAUUAACACCAAUAGCAGU","-"
"sp.28492_strand.0_hd.4",28492,"GACTGCTATTGGTGTTAATT","AAUUAACACCAAUAGCAGUC","-"
"sp.29054_strand.0_hd.4",29054,"GCTTTAGTGGCAGTACGTTT","AAACGUACUGCCACUAAAGC","-"
"sp.29063_strand.0_hd.4",29063,"ACATTGTATGCTTTAGTGGC","GCCACUAAAGCAUACAAUGU","-"
